请求 ID,模型,时间,项目名称,项目ID,API Key名称,API Key ID,输入 Tokens,输出 Tokens,Cached Tokens
chatcmpl-6a77b501cfe918a310930ea6,kimi-k3,2026-08-09 07:00:32,default,proj-e626b11c63844e458db1e0f9ec55a330,zhikun,ak-f9w8q5r883w111cpz35i,93678,643,93440
chatcmpl-6a77b4fccfe918a310930ea1,kimi-k3,2026-08-09 07:00:16,default,proj-e626b11c63844e458db1e0f9ec55a330,zhikun,ak-f9w8q5r883w111cpz35i,93534,115,93184
chatcmpl-6a77b4f4f051a4bda8a0cc17,kimi-k3,2026-08-09 07:00:10,default,proj-e626b11c63844e458db1e0f9ec55a330,zhikun,ak-f9w8q5r883w111cpz35i,93230,263,92928
chatcmpl-6a77b4edcfe918a310930e95,kimi-k3,2026-08-09 07:00:02,default,proj-e626b11c63844e458db1e0f9ec55a330,zhikun,ak-f9w8q5r883w111cpz35i,92998,185,92160
chatcmpl-6a77b4dcf3154d657bce830b,kimi-k3,2026-08-09 06:59:55,default,proj-e626b11c63844e458db1e0f9ec55a330,zhikun,ak-f9w8q5r883w111cpz35i,92281,628,91904
chatcmpl-6a77b4d6f3154d657bce8307,kimi-k3,2026-08-09 06:59:38,default,proj-e626b11c63844e458db1e0f9ec55a330,zhikun,ak-f9w8q5r883w111cpz35i,92071,146,91904
chatcmpl-6a77b4cdf3154d657bce8303,kimi-k3,2026-08-09 06:59:28,default,proj-e626b11c63844e458db1e0f9ec55a330,zhikun,ak-f9w8q5r883w111cpz35i,91986,51,91392
chatcmpl-6a77b4c1f3154d657bce82fc,kimi-k3,2026-08-09 06:59:24,default,proj-e626b11c63844e458db1e0f9ec55a330,zhikun,ak-f9w8q5r883w111cpz35i,91462,480,90624
chatcmpl-6a77b4b6cfe918a310930e80,kimi-k3,2026-08-09 06:59:11,default,proj-e626b11c63844e458db1e0f9ec55a330,zhikun,ak-f9w8q5r883w111cpz35i,90840,386,89856
chatcmpl-6a77b4b1cfe918a310930e7b,kimi-k3,2026-08-09 06:59:01,default,proj-e626b11c63844e458db1e0f9ec55a330,zhikun,ak-f9w8q5r883w111cpz35i,90029,116,89600
chatcmpl-6a77b4a9f051a4bda8a0cbe2,kimi-k3,2026-08-09 06:58:55,default,proj-e626b11c63844e458db1e0f9ec55a330,zhikun,ak-f9w8q5r883w111cpz35i,89722,263,89344
chatcmpl-6a77b4a2f3154d657bce82e8,kimi-k3,2026-08-09 06:58:47,default,proj-e626b11c63844e458db1e0f9ec55a330,zhikun,ak-f9w8q5r883w111cpz35i,89449,196,89344
chatcmpl-6a77b3e8cfe918a310930df4,kimi-k3,2026-08-09 06:55:39,default,proj-e626b11c63844e458db1e0f9ec55a330,zhikun,ak-f9w8q5r883w111cpz35i,89364,51,88832
chatcmpl-6a77b3dcf051a4bda8a0cb34,kimi-k3,2026-08-09 06:55:32,default,proj-e626b11c63844e458db1e0f9ec55a330,zhikun,ak-f9w8q5r883w111cpz35i,88986,317,88576
chatcmpl-6a77b3d6f3154d657bce8296,kimi-k3,2026-08-09 06:55:22,default,proj-e626b11c63844e458db1e0f9ec55a330,zhikun,ak-f9w8q5r883w111cpz35i,88791,127,88576
chatcmpl-6a77b3c2f3154d657bce828a,kimi-k3,2026-08-09 06:55:02,default,proj-e626b11c63844e458db1e0f9ec55a330,zhikun,ak-f9w8q5r883w111cpz35i,88629,128,87808
chatcmpl-6a77b3b4f051a4bda8a0cb13,kimi-k3,2026-08-09 06:54:56,default,proj-e626b11c63844e458db1e0f9ec55a330,zhikun,ak-f9w8q5r883w111cpz35i,88041,523,87296
chatcmpl-6a77b3acf3154d657bce827c,kimi-k3,2026-08-09 06:54:42,default,proj-e626b11c63844e458db1e0f9ec55a330,zhikun,ak-f9w8q5r883w111cpz35i,87333,225,87040
chatcmpl-6a77b3a5f051a4bda8a0cb0b,kimi-k3,2026-08-09 06:54:34,default,proj-e626b11c63844e458db1e0f9ec55a330,zhikun,ak-f9w8q5r883w111cpz35i,87103,158,86784
chatcmpl-6a77b391f3154d657bce826b,kimi-k3,2026-08-09 06:54:12,default,proj-e626b11c63844e458db1e0f9ec55a330,zhikun,ak-f9w8q5r883w111cpz35i,87018,51,86272
chatcmpl-6a77b381f3154d657bce825f,kimi-k3,2026-08-09 06:54:08,default,proj-e626b11c63844e458db1e0f9ec55a330,zhikun,ak-f9w8q5r883w111cpz35i,86328,637,86016
chatcmpl-6a77b37cf3154d657bce825b,kimi-k3,2026-08-09 06:53:52,default,proj-e626b11c63844e458db1e0f9ec55a330,zhikun,ak-f9w8q5r883w111cpz35i,86066,170,85760
chatcmpl-6a77b35bf051a4bda8a0cad3,kimi-k3,2026-08-09 06:53:20,default,proj-e626b11c63844e458db1e0f9ec55a330,zhikun,ak-f9w8q5r883w111cpz35i,85876,156,85504
chatcmpl-6a77b354f3154d657bce823d,kimi-k3,2026-08-09 06:53:13,default,proj-e626b11c63844e458db1e0f9ec55a330,zhikun,ak-f9w8q5r883w111cpz35i,85618,198,84992
chatcmpl-6a77b346f3154d657bce8233,kimi-k3,2026-08-09 06:53:04,default,proj-e626b11c63844e458db1e0f9ec55a330,zhikun,ak-f9w8q5r883w111cpz35i,85136,426,84736
chatcmpl-6a77b33ef051a4bda8a0cab8,kimi-k3,2026-08-09 06:52:52,default,proj-e626b11c63844e458db1e0f9ec55a330,zhikun,ak-f9w8q5r883w111cpz35i,84875,228,82688
chatcmpl-6a77b335b3cae5c854115a60,kimi-k3,2026-08-09 06:52:43,default,proj-e626b11c63844e458db1e0f9ec55a330,zhikun,ak-f9w8q5r883w111cpz35i,75325,243,75008
chatcmpl-6a77b32f7c5695c6eaa5a8a8,kimi-k3,2026-08-09 06:52:35,default,proj-e626b11c63844e458db1e0f9ec55a330,zhikun,ak-f9w8q5r883w111cpz35i,75076,169,74752
chatcmpl-6a77b31eb3cae5c854115a54,kimi-k3,2026-08-09 06:52:18,default,proj-e626b11c63844e458db1e0f9ec55a330,zhikun,ak-f9w8q5r883w111cpz35i,74935,107,74496
chatcmpl-6a77b318b3cae5c854115a50,kimi-k3,2026-08-09 06:52:13,default,proj-e626b11c63844e458db1e0f9ec55a330,zhikun,ak-f9w8q5r883w111cpz35i,74688,193,73984
chatcmpl-6a77b30db3cae5c854115a4a,kimi-k3,2026-08-09 06:52:07,default,proj-e626b11c63844e458db1e0f9ec55a330,zhikun,ak-f9w8q5r883w111cpz35i,74118,463,73216
chatcmpl-6a77b303b3cae5c854115a44,kimi-k3,2026-08-09 06:51:56,default,proj-e626b11c63844e458db1e0f9ec55a330,zhikun,ak-f9w8q5r883w111cpz35i,73468,396,72960
chatcmpl-6a77b2fe7c5695c6eaa5a888,kimi-k3,2026-08-09 06:51:45,default,proj-e626b11c63844e458db1e0f9ec55a330,zhikun,ak-f9w8q5r883w111cpz35i,73073,131,71936
chatcmpl-6a77b2f5b3cae5c854115a3e,kimi-k3,2026-08-09 06:51:40,default,proj-e626b11c63844e458db1e0f9ec55a330,zhikun,ak-f9w8q5r883w111cpz35i,72131,311,71168
chatcmpl-6a77b2e2b3cae5c854115a32,kimi-k3,2026-08-09 06:51:28,default,proj-e626b11c63844e458db1e0f9ec55a330,zhikun,ak-f9w8q5r883w111cpz35i,71382,665,70656
chatcmpl-6a77b2ccb3cae5c854115a27,kimi-k3,2026-08-09 06:50:58,default,proj-e626b11c63844e458db1e0f9ec55a330,zhikun,ak-f9w8q5r883w111cpz35i,70816,241,70400
chatcmpl-6a77b294b3cae5c854115a11,kimi-k3,2026-08-09 06:50:01,default,proj-e626b11c63844e458db1e0f9ec55a330,zhikun,ak-f9w8q5r883w111cpz35i,70592,190,69888
chatcmpl-6a77b27cb3cae5c854115a05,kimi-k3,2026-08-09 06:49:40,default,proj-e626b11c63844e458db1e0f9ec55a330,zhikun,ak-f9w8q5r883w111cpz35i,70104,390,69888
chatcmpl-6a77b24fb3cae5c8541159ef,kimi-k3,2026-08-09 06:48:51,default,proj-e626b11c63844e458db1e0f9ec55a330,zhikun,ak-f9w8q5r883w111cpz35i,69952,118,69376
chatcmpl-6a77b245b3cae5c8541159e9,kimi-k3,2026-08-09 06:48:45,default,proj-e626b11c63844e458db1e0f9ec55a330,zhikun,ak-f9w8q5r883w111cpz35i,69503,387,69120
chatcmpl-6a77b240b3cae5c8541159e5,kimi-k3,2026-08-09 06:48:36,default,proj-e626b11c63844e458db1e0f9ec55a330,zhikun,ak-f9w8q5r883w111cpz35i,69336,109,69120
chatcmpl-6a77b2397c5695c6eaa5a824,kimi-k3,2026-08-09 06:48:28,default,proj-e626b11c63844e458db1e0f9ec55a330,zhikun,ak-f9w8q5r883w111cpz35i,69251,51,68608
chatcmpl-6a77b22db3cae5c8541159e1,kimi-k3,2026-08-09 06:48:23,default,proj-e626b11c63844e458db1e0f9ec55a330,zhikun,ak-f9w8q5r883w111cpz35i,68735,472,68096
chatcmpl-6a77b228b3cae5c8541159df,kimi-k3,2026-08-09 06:48:12,default,proj-e626b11c63844e458db1e0f9ec55a330,zhikun,ak-f9w8q5r883w111cpz35i,68326,159,67584
chatcmpl-6a77b21cb3cae5c8541159d8,kimi-k3,2026-08-09 06:48:07,default,proj-e626b11c63844e458db1e0f9ec55a330,zhikun,ak-f9w8q5r883w111cpz35i,67822,441,67328
chatcmpl-6a77b2127c5695c6eaa5a810,kimi-k3,2026-08-09 06:47:55,default,proj-e626b11c63844e458db1e0f9ec55a330,zhikun,ak-f9w8q5r883w111cpz35i,67371,356,66304
chatcmpl-6a77b1fbb3cae5c8541159c6,kimi-k3,2026-08-09 06:47:38,default,proj-e626b11c63844e458db1e0f9ec55a330,zhikun,ak-f9w8q5r883w111cpz35i,66539,735,66048
chatcmpl-6a77b1f7b3cae5c8541159c3,kimi-k3,2026-08-09 06:47:22,default,proj-e626b11c63844e458db1e0f9ec55a330,zhikun,ak-f9w8q5r883w111cpz35i,66223,93,65536
chatcmpl-6a77b1ed7c5695c6eaa5a7fa,kimi-k3,2026-08-09 06:47:18,default,proj-e626b11c63844e458db1e0f9ec55a330,zhikun,ak-f9w8q5r883w111cpz35i,65620,390,64768
chatcmpl-6a77b1d0b3cae5c8541159a7,kimi-k3,2026-08-09 06:46:52,default,proj-e626b11c63844e458db1e0f9ec55a330,zhikun,ak-f9w8q5r883w111cpz35i,64862,556,64000
chatcmpl-6a77b1cbb3cae5c8541159a4,kimi-k3,2026-08-09 06:46:39,default,proj-e626b11c63844e458db1e0f9ec55a330,zhikun,ak-f9w8q5r883w111cpz35i,64247,137,63488
chatcmpl-6a77b1c2b3cae5c85411599d,kimi-k3,2026-08-09 06:46:34,default,proj-e626b11c63844e458db1e0f9ec55a330,zhikun,ak-f9w8q5r883w111cpz35i,63490,352,62208
chatcmpl-6a77b1bc7c5695c6eaa5a7e4,kimi-k3,2026-08-09 06:46:24,default,proj-e626b11c63844e458db1e0f9ec55a330,zhikun,ak-f9w8q5r883w111cpz35i,62410,160,61440
chatcmpl-6a77b1b37c5695c6eaa5a7dd,kimi-k3,2026-08-09 06:46:19,default,proj-e626b11c63844e458db1e0f9ec55a330,zhikun,ak-f9w8q5r883w111cpz35i,61614,373,60928
chatcmpl-6a77b1ac7c5695c6eaa5a7d7,kimi-k3,2026-08-09 06:46:10,default,proj-e626b11c63844e458db1e0f9ec55a330,zhikun,ak-f9w8q5r883w111cpz35i,61065,257,59904
chatcmpl-6a77b1a17c5695c6eaa5a7d4,kimi-k3,2026-08-09 06:46:03,default,proj-e626b11c63844e458db1e0f9ec55a330,zhikun,ak-f9w8q5r883w111cpz35i,59958,432,59136
chatcmpl-6a77b1997c5695c6eaa5a7cf,kimi-k3,2026-08-09 06:45:52,default,proj-e626b11c63844e458db1e0f9ec55a330,zhikun,ak-f9w8q5r883w111cpz35i,59317,360,58624
chatcmpl-6a77b1507c5695c6eaa5a7a5,kimi-k3,2026-08-09 06:44:43,default,proj-e626b11c63844e458db1e0f9ec55a330,zhikun,ak-f9w8q5r883w111cpz35i,58806,477,57088
chatcmpl-6a77b140b3cae5c85411595f,kimi-k3,2026-08-09 06:44:30,default,proj-e626b11c63844e458db1e0f9ec55a330,zhikun,ak-f9w8q5r883w111cpz35i,57292,582,55808
chatcmpl-6a77b1307c5695c6eaa5a795,kimi-k3,2026-08-09 06:44:15,default,proj-e626b11c63844e458db1e0f9ec55a330,zhikun,ak-f9w8q5r883w111cpz35i,57520,529,55808
chatcmpl-6a77b12bb3cae5c854115950,kimi-k3,2026-08-09 06:43:57,default,proj-e626b11c63844e458db1e0f9ec55a330,zhikun,ak-f9w8q5r883w111cpz35i,55969,74,55808
chatcmpl-6a77b1267c5695c6eaa5a790,kimi-k3,2026-08-09 06:43:53,default,proj-e626b11c63844e458db1e0f9ec55a330,zhikun,ak-f9w8q5r883w111cpz35i,55837,69,55296
chatcmpl-6a77b1197c5695c6eaa5a786,kimi-k3,2026-08-09 06:43:47,default,proj-e626b11c63844e458db1e0f9ec55a330,zhikun,ak-f9w8q5r883w111cpz35i,55345,425,55040
chatcmpl-6a77b1137c5695c6eaa5a782,kimi-k3,2026-08-09 06:43:36,default,proj-e626b11c63844e458db1e0f9ec55a330,zhikun,ak-f9w8q5r883w111cpz35i,55042,222,54272
chatcmpl-6a77b10db3cae5c85411593e,kimi-k3,2026-08-09 06:43:30,default,proj-e626b11c63844e458db1e0f9ec55a330,zhikun,ak-f9w8q5r883w111cpz35i,54443,187,53760
chatcmpl-6a77b100b3cae5c854115939,kimi-k3,2026-08-09 06:43:23,default,proj-e626b11c63844e458db1e0f9ec55a330,zhikun,ak-f9w8q5r883w111cpz35i,53801,478,53248
chatcmpl-6a77b0f5b3cae5c85411592f,kimi-k3,2026-08-09 06:43:11,default,proj-e626b11c63844e458db1e0f9ec55a330,zhikun,ak-f9w8q5r883w111cpz35i,53291,441,52736
chatcmpl-6a77b0e97c5695c6eaa5a769,kimi-k3,2026-08-09 06:42:57,default,proj-e626b11c63844e458db1e0f9ec55a330,zhikun,ak-f9w8q5r883w111cpz35i,52849,343,52480
chatcmpl-6a77b0e37c5695c6eaa5a767,kimi-k3,2026-08-09 06:42:48,default,proj-e626b11c63844e458db1e0f9ec55a330,zhikun,ak-f9w8q5r883w111cpz35i,52570,168,52224
chatcmpl-6a77b0dc7c5695c6eaa5a764,kimi-k3,2026-08-09 06:42:42,default,proj-e626b11c63844e458db1e0f9ec55a330,zhikun,ak-f9w8q5r883w111cpz35i,52232,233,51712
chatcmpl-6a77b0d8b3cae5c854115917,kimi-k3,2026-08-09 06:42:35,default,proj-e626b11c63844e458db1e0f9ec55a330,zhikun,ak-f9w8q5r883w111cpz35i,51895,96,50944
chatcmpl-6a77b0d0b3cae5c854115914,kimi-k3,2026-08-09 06:42:31,default,proj-e626b11c63844e458db1e0f9ec55a330,zhikun,ak-f9w8q5r883w111cpz35i,51068,239,49920
chatcmpl-6a77b0bab3cae5c854115905,kimi-k3,2026-08-09 06:42:20,default,proj-e626b11c63844e458db1e0f9ec55a330,zhikun,ak-f9w8q5r883w111cpz35i,50155,808,49664
chatcmpl-6a77b0af7c5695c6eaa5a749,kimi-k3,2026-08-09 06:42:00,default,proj-e626b11c63844e458db1e0f9ec55a330,zhikun,ak-f9w8q5r883w111cpz35i,49681,373,49152
chatcmpl-6a77b0a67c5695c6eaa5a746,kimi-k3,2026-08-09 06:41:50,default,proj-e626b11c63844e458db1e0f9ec55a330,zhikun,ak-f9w8q5r883w111cpz35i,49279,336,48896
chatcmpl-6a77b0a17c5695c6eaa5a742,kimi-k3,2026-08-09 06:41:41,default,proj-e626b11c63844e458db1e0f9ec55a330,zhikun,ak-f9w8q5r883w111cpz35i,49050,159,48896
chatcmpl-6a77b0957c5695c6eaa5a73a,kimi-k3,2026-08-09 06:41:27,default,proj-e626b11c63844e458db1e0f9ec55a330,zhikun,ak-f9w8q5r883w111cpz35i,48965,51,48384
chatcmpl-6a77b08aecb35dbc6c25baad,kimi-k3,2026-08-09 06:41:23,default,proj-e626b11c63844e458db1e0f9ec55a330,zhikun,ak-f9w8q5r883w111cpz35i,48584,319,48128
chatcmpl-6a77b0847c5695c6eaa5a731,kimi-k3,2026-08-09 06:41:13,default,proj-e626b11c63844e458db1e0f9ec55a330,zhikun,ak-f9w8q5r883w111cpz35i,48322,178,48128
chatcmpl-6a77b076b3cae5c8541158ce,kimi-k3,2026-08-09 06:40:58,default,proj-e626b11c63844e458db1e0f9ec55a330,zhikun,ak-f9w8q5r883w111cpz35i,48176,112,47616
chatcmpl-6a77b06b7c5695c6eaa5a723,kimi-k3,2026-08-09 06:40:53,default,proj-e626b11c63844e458db1e0f9ec55a330,zhikun,ak-f9w8q5r883w111cpz35i,47705,393,47104
chatcmpl-6a77b0637c5695c6eaa5a71e,kimi-k3,2026-08-09 06:40:42,default,proj-e626b11c63844e458db1e0f9ec55a330,zhikun,ak-f9w8q5r883w111cpz35i,47348,286,46592
chatcmpl-6a77b05d7c5695c6eaa5a71a,kimi-k3,2026-08-09 06:40:34,default,proj-e626b11c63844e458db1e0f9ec55a330,zhikun,ak-f9w8q5r883w111cpz35i,46678,196,46336
chatcmpl-6a77b0567c5695c6eaa5a714,kimi-k3,2026-08-09 06:40:27,default,proj-e626b11c63844e458db1e0f9ec55a330,zhikun,ak-f9w8q5r883w111cpz35i,46409,209,45568
chatcmpl-6a77b04b7c5695c6eaa5a70d,kimi-k3,2026-08-09 06:40:22,default,proj-e626b11c63844e458db1e0f9ec55a330,zhikun,ak-f9w8q5r883w111cpz35i,45804,421,44800
chatcmpl-6a77b02becb35dbc6c25ba73,kimi-k3,2026-08-09 06:40:00,default,proj-e626b11c63844e458db1e0f9ec55a330,zhikun,ak-f9w8q5r883w111cpz35i,44821,897,43264
chatcmpl-6a77b0107c5695c6eaa5a6f2,kimi-k3,2026-08-09 06:39:38,default,proj-e626b11c63844e458db1e0f9ec55a330,zhikun,ak-f9w8q5r883w111cpz35i,43354,1064,41984
chatcmpl-6a77aff2b3cae5c854115881,kimi-k3,2026-08-09 06:39:10,default,proj-e626b11c63844e458db1e0f9ec55a330,zhikun,ak-f9w8q5r883w111cpz35i,42107,1169,41728
chatcmpl-6a77afeab3cae5c85411587d,kimi-k3,2026-08-09 06:38:41,default,proj-e626b11c63844e458db1e0f9ec55a330,zhikun,ak-f9w8q5r883w111cpz35i,41748,285,40960
chatcmpl-6a77afdf7c5695c6eaa5a6d4,kimi-k3,2026-08-09 06:38:33,default,proj-e626b11c63844e458db1e0f9ec55a330,zhikun,ak-f9w8q5r883w111cpz35i,41208,404,40448
chatcmpl-6a77afd1b3cae5c85411586e,kimi-k3,2026-08-09 06:38:21,default,proj-e626b11c63844e458db1e0f9ec55a330,zhikun,ak-f9w8q5r883w111cpz35i,40628,504,39680
chatcmpl-6a77afc57c5695c6eaa5a6ca,kimi-k3,2026-08-09 06:38:08,default,proj-e626b11c63844e458db1e0f9ec55a330,zhikun,ak-f9w8q5r883w111cpz35i,39769,453,38144
chatcmpl-6a77afba7c5695c6eaa5a6c2,kimi-k3,2026-08-09 06:37:57,default,proj-e626b11c63844e458db1e0f9ec55a330,zhikun,ak-f9w8q5r883w111cpz35i,38392,427,37888
chatcmpl-6a77afae7c5695c6eaa5a6bc,kimi-k3,2026-08-09 06:37:41,default,proj-e626b11c63844e458db1e0f9ec55a330,zhikun,ak-f9w8q5r883w111cpz35i,37966,349,37376
chatcmpl-6a77afa6ecb35dbc6c25ba17,kimi-k3,2026-08-09 06:37:33,default,proj-e626b11c63844e458db1e0f9ec55a330,zhikun,ak-f9w8q5r883w111cpz35i,37601,288,36864
chatcmpl-6a77af99ecb35dbc6c25ba11,kimi-k3,2026-08-09 06:37:25,default,proj-e626b11c63844e458db1e0f9ec55a330,zhikun,ak-f9w8q5r883w111cpz35i,37010,523,36352
chatcmpl-6a77af95ecb35dbc6c25ba10,kimi-k3,2026-08-09 06:37:12,default,proj-e626b11c63844e458db1e0f9ec55a330,zhikun,ak-f9w8q5r883w111cpz35i,36460,95,35840
chatcmpl-6a77af8fb3cae5c854115844,kimi-k3,2026-08-09 06:37:08,default,proj-e626b11c63844e458db1e0f9ec55a330,zhikun,ak-f9w8q5r883w111cpz35i,35998,190,35584
chatcmpl-6a77af887c5695c6eaa5a6a7,kimi-k3,2026-08-09 06:37:02,default,proj-e626b11c63844e458db1e0f9ec55a330,zhikun,ak-f9w8q5r883w111cpz35i,35691,242,35328
chatcmpl-6a77af84b3cae5c85411583b,kimi-k3,2026-08-09 06:36:55,default,proj-e626b11c63844e458db1e0f9ec55a330,zhikun,ak-f9w8q5r883w111cpz35i,35352,96,34560
chatcmpl-6a77af777c5695c6eaa5a69f,kimi-k3,2026-08-09 06:36:50,default,proj-e626b11c63844e458db1e0f9ec55a330,zhikun,ak-f9w8q5r883w111cpz35i,34748,477,33280
chatcmpl-6a77af6ab3cae5c85411582c,kimi-k3,2026-08-09 06:36:38,default,proj-e626b11c63844e458db1e0f9ec55a330,zhikun,ak-f9w8q5r883w111cpz35i,33407,486,32256
chatcmpl-6a77af67b3cae5c854115828,kimi-k3,2026-08-09 06:36:26,default,proj-e626b11c63844e458db1e0f9ec55a330,zhikun,ak-f9w8q5r883w111cpz35i,32309,96,31488
chatcmpl-6a77af63b3cae5c854115824,kimi-k3,2026-08-09 06:36:22,default,proj-e626b11c63844e458db1e0f9ec55a330,zhikun,ak-f9w8q5r883w111cpz35i,31527,111,30976
chatcmpl-6a77af5aecb35dbc6c25ba04,kimi-k3,2026-08-09 06:36:17,default,proj-e626b11c63844e458db1e0f9ec55a330,zhikun,ak-f9w8q5r883w111cpz35i,31097,289,29952
chatcmpl-6a77af44ecb35dbc6c25b9f0,kimi-k3,2026-08-09 06:36:07,default,proj-e626b11c63844e458db1e0f9ec55a330,zhikun,ak-f9w8q5r883w111cpz35i,30126,858,29696
chatcmpl-6a77af3d7c5695c6eaa5a678,kimi-k3,2026-08-09 06:35:46,default,proj-e626b11c63844e458db1e0f9ec55a330,zhikun,ak-f9w8q5r883w111cpz35i,29792,232,28672
chatcmpl-6a77af347c5695c6eaa5a673,kimi-k3,2026-08-09 06:35:40,default,proj-e626b11c63844e458db1e0f9ec55a330,zhikun,ak-f9w8q5r883w111cpz35i,28807,311,28160
chatcmpl-6a77af26b3cae5c8541157fe,kimi-k3,2026-08-09 06:35:29,default,proj-e626b11c63844e458db1e0f9ec55a330,zhikun,ak-f9w8q5r883w111cpz35i,28220,503,27904
chatcmpl-6a77af217c5695c6eaa5a667,kimi-k3,2026-08-09 06:35:17,default,proj-e626b11c63844e458db1e0f9ec55a330,zhikun,ak-f9w8q5r883w111cpz35i,27931,183,27648
chatcmpl-6a77af1bb3cae5c8541157f5,kimi-k3,2026-08-09 06:35:11,default,proj-e626b11c63844e458db1e0f9ec55a330,zhikun,ak-f9w8q5r883w111cpz35i,27669,207,26880
chatcmpl-6a77af15b3cae5c8541157f3,kimi-k3,2026-08-09 06:35:06,default,proj-e626b11c63844e458db1e0f9ec55a330,zhikun,ak-f9w8q5r883w111cpz35i,27126,204,26880
chatcmpl-6a77af102faf3155ef3d8ab8,kimi-k3,2026-08-09 06:34:59,default,proj-e626b11c63844e458db1e0f9ec55a330,zhikun,ak-f9w8q5r883w111cpz35i,26953,110,26624
chatcmpl-6a77af0b7c5695c6eaa5a657,kimi-k3,2026-08-09 06:34:55,default,proj-e626b11c63844e458db1e0f9ec55a330,zhikun,ak-f9w8q5r883w111cpz35i,26745,128,26368
chatcmpl-6a77af03b3cae5c8541157ee,kimi-k3,2026-08-09 06:34:46,default,proj-e626b11c63844e458db1e0f9ec55a330,zhikun,ak-f9w8q5r883w111cpz35i,26607,90,26112
chatcmpl-6a77aef97c5695c6eaa5a64d,kimi-k3,2026-08-09 06:34:42,default,proj-e626b11c63844e458db1e0f9ec55a330,zhikun,ak-f9w8q5r883w111cpz35i,26165,415,25600
chatcmpl-6a77aef3b3cae5c8541157e3,kimi-k3,2026-08-09 06:34:32,default,proj-e626b11c63844e458db1e0f9ec55a330,zhikun,ak-f9w8q5r883w111cpz35i,25604,195,24576
chatcmpl-6a77aeefb3cae5c8541157e0,kimi-k3,2026-08-09 06:34:27,default,proj-e626b11c63844e458db1e0f9ec55a330,zhikun,ak-f9w8q5r883w111cpz35i,24684,148,23552
chatcmpl-6a77aee37c5695c6eaa5a63f,kimi-k3,2026-08-09 06:34:21,default,proj-e626b11c63844e458db1e0f9ec55a330,zhikun,ak-f9w8q5r883w111cpz35i,23700,486,18176
chatcmpl-6a77aedeb3cae5c8541157d6,kimi-k3,2026-08-09 06:34:10,default,proj-e626b11c63844e458db1e0f9ec55a330,zhikun,ak-f9w8q5r883w111cpz35i,18249,128,16128
chatcmpl-6a77aedb7c5695c6eaa5a638,kimi-k3,2026-08-09 06:34:05,default,proj-e626b11c63844e458db1e0f9ec55a330,zhikun,ak-f9w8q5r883w111cpz35i,16216,64,15360
chatcmpl-6a77aed6b3cae5c8541157d1,kimi-k3,2026-08-09 06:34:02,default,proj-e626b11c63844e458db1e0f9ec55a330,zhikun,ak-f9w8q5r883w111cpz35i,15525,161,14848
chatcmpl-6a77aed1b3cae5c8541157cd,kimi-k3,2026-08-09 06:33:57,default,proj-e626b11c63844e458db1e0f9ec55a330,zhikun,ak-f9w8q5r883w111cpz35i,15024,166,14592
chatcmpl-6a77aeccb3cae5c8541157ca,kimi-k3,2026-08-09 06:33:52,default,proj-e626b11c63844e458db1e0f9ec55a330,zhikun,ak-f9w8q5r883w111cpz35i,14755,167,14336
chatcmpl-6a77aec67c5695c6eaa5a627,kimi-k3,2026-08-09 06:33:47,default,proj-e626b11c63844e458db1e0f9ec55a330,zhikun,ak-f9w8q5r883w111cpz35i,14470,181,12288
chatcmpl-6a77aea2f051a4bda8a0c74a,kimi-k3,2026-08-09 06:33:42,default,proj-e626b11c63844e458db1e0f9ec55a330,zhikun,ak-f9w8q5r883w111cpz35i,84406,1652,82688
chatcmpl-6a77ae9cf051a4bda8a0c745,kimi-k3,2026-08-09 06:33:03,default,proj-e626b11c63844e458db1e0f9ec55a330,zhikun,ak-f9w8q5r883w111cpz35i,82814,96,82432
chatcmpl-6a77ae98f051a4bda8a0c742,kimi-k3,2026-08-09 06:32:58,default,proj-e626b11c63844e458db1e0f9ec55a330,zhikun,ak-f9w8q5r883w111cpz35i,82676,53,82432
chatcmpl-6a77ae70f051a4bda8a0c71e,kimi-k3,2026-08-09 06:32:19,default,proj-e626b11c63844e458db1e0f9ec55a330,zhikun,ak-f9w8q5r883w111cpz35i,82591,51,82176
chatcmpl-6a77ae66f3154d657bce7eb1,kimi-k3,2026-08-09 06:32:12,default,proj-e626b11c63844e458db1e0f9ec55a330,zhikun,ak-f9w8q5r883w111cpz35i,82317,219,80128
chatcmpl-6a77ae5606e1ba963961b3fa,kimi-k3,2026-08-09 06:31:58,default,proj-e626b11c63844e458db1e0f9ec55a330,zhikun,ak-f9w8q5r883w111cpz35i,134445,393,132864
chatcmpl-6a77ae5006e1ba963961b3f6,kimi-k3,2026-08-09 06:31:47,default,proj-e626b11c63844e458db1e0f9ec55a330,zhikun,ak-f9w8q5r883w111cpz35i,132898,73,132608
chatcmpl-6a77ae4b06e1ba963961b3f3,kimi-k3,2026-08-09 06:31:42,default,proj-e626b11c63844e458db1e0f9ec55a330,zhikun,ak-f9w8q5r883w111cpz35i,132777,94,132608
chatcmpl-6a77ae4706e1ba963961b3f0,kimi-k3,2026-08-09 06:31:38,default,proj-e626b11c63844e458db1e0f9ec55a330,zhikun,ak-f9w8q5r883w111cpz35i,132642,71,132352
chatcmpl-6a77ae3306e1ba963961b3e3,kimi-k3,2026-08-09 06:31:20,default,proj-e626b11c63844e458db1e0f9ec55a330,zhikun,ak-f9w8q5r883w111cpz35i,132425,166,131840
chatcmpl-6a77ae2b06e1ba963961b3dd,kimi-k3,2026-08-09 06:31:12,default,proj-e626b11c63844e458db1e0f9ec55a330,zhikun,ak-f9w8q5r883w111cpz35i,133540,181,131840
chatcmpl-6a77ae247c5695c6eaa5a5c2,kimi-k3,2026-08-09 06:31:04,default,proj-e626b11c63844e458db1e0f9ec55a330,zhikun,ak-f9w8q5r883w111cpz35i,131987,75,131840
chatcmpl-6a77ae207c5695c6eaa5a5bf,kimi-k3,2026-08-09 06:30:59,default,proj-e626b11c63844e458db1e0f9ec55a330,zhikun,ak-f9w8q5r883w111cpz35i,131852,71,130048
chatcmpl-6a77adfd06e1ba963961b3bb,kimi-k3,2026-08-09 06:30:52,default,proj-e626b11c63844e458db1e0f9ec55a330,zhikun,ak-f9w8q5r883w111cpz35i,131776,1379,130048
chatcmpl-6a77adf706e1ba963961b3b5,kimi-k3,2026-08-09 06:30:18,default,proj-e626b11c63844e458db1e0f9ec55a330,zhikun,ak-f9w8q5r883w111cpz35i,130230,71,130048
chatcmpl-6a77adf206e1ba963961b3b1,kimi-k3,2026-08-09 06:30:14,default,proj-e626b11c63844e458db1e0f9ec55a330,zhikun,ak-f9w8q5r883w111cpz35i,130110,93,129536
chatcmpl-6a77ade87c5695c6eaa5a597,kimi-k3,2026-08-09 06:30:08,default,proj-e626b11c63844e458db1e0f9ec55a330,zhikun,ak-f9w8q5r883w111cpz35i,129729,317,129280
chatcmpl-6a77addb06e1ba963961b3a3,kimi-k3,2026-08-09 06:29:52,default,proj-e626b11c63844e458db1e0f9ec55a330,zhikun,ak-f9w8q5r883w111cpz35i,129438,218,129280
chatcmpl-6a77add706e1ba963961b3a0,kimi-k3,2026-08-09 06:29:46,default,proj-e626b11c63844e458db1e0f9ec55a330,zhikun,ak-f9w8q5r883w111cpz35i,129331,72,129024
chatcmpl-6a77adb206e1ba963961b38d,kimi-k3,2026-08-09 06:29:11,default,proj-e626b11c63844e458db1e0f9ec55a330,zhikun,ak-f9w8q5r883w111cpz35i,129071,217,128768
chatcmpl-6a77adaa7c5695c6eaa5a56f,kimi-k3,2026-08-09 06:29:01,default,proj-e626b11c63844e458db1e0f9ec55a330,zhikun,ak-f9w8q5r883w111cpz35i,128911,102,128256
chatcmpl-6a77ad9d06e1ba963961b381,kimi-k3,2026-08-09 06:28:56,default,proj-e626b11c63844e458db1e0f9ec55a330,zhikun,ak-f9w8q5r883w111cpz35i,128433,435,128000
chatcmpl-6a77ad797c5695c6eaa5a553,kimi-k3,2026-08-09 06:28:14,default,proj-e626b11c63844e458db1e0f9ec55a330,zhikun,ak-f9w8q5r883w111cpz35i,128143,217,127744
chatcmpl-6a77ad727c5695c6eaa5a54e,kimi-k3,2026-08-09 06:28:06,default,proj-e626b11c63844e458db1e0f9ec55a330,zhikun,ak-f9w8q5r883w111cpz35i,127983,102,126720
chatcmpl-6a77ad647c5695c6eaa5a546,kimi-k3,2026-08-09 06:27:56,default,proj-e626b11c63844e458db1e0f9ec55a330,zhikun,ak-f9w8q5r883w111cpz35i,128903,365,126464
chatcmpl-6a77ad5306e1ba963961b36c,kimi-k3,2026-08-09 06:27:45,default,proj-e626b11c63844e458db1e0f9ec55a330,zhikun,ak-f9w8q5r883w111cpz35i,127108,646,126464
chatcmpl-6a77ad4d7c5695c6eaa5a53a,kimi-k3,2026-08-09 06:27:28,default,proj-e626b11c63844e458db1e0f9ec55a330,zhikun,ak-f9w8q5r883w111cpz35i,126590,75,125696
chatcmpl-6a77ad417c5695c6eaa5a536,kimi-k3,2026-08-09 06:27:24,default,proj-e626b11c63844e458db1e0f9ec55a330,zhikun,ak-f9w8q5r883w111cpz35i,126297,502,125696
chatcmpl-6a77ad3c7c5695c6eaa5a533,kimi-k3,2026-08-09 06:27:11,default,proj-e626b11c63844e458db1e0f9ec55a330,zhikun,ak-f9w8q5r883w111cpz35i,125812,73,125440
chatcmpl-6a77ad367c5695c6eaa5a530,kimi-k3,2026-08-09 06:27:06,default,proj-e626b11c63844e458db1e0f9ec55a330,zhikun,ak-f9w8q5r883w111cpz35i,125640,120,125440
chatcmpl-6a77ad327c5695c6eaa5a52c,kimi-k3,2026-08-09 06:27:01,default,proj-e626b11c63844e458db1e0f9ec55a330,zhikun,ak-f9w8q5r883w111cpz35i,125505,71,124416
chatcmpl-6a77ad1f7c5695c6eaa5a522,kimi-k3,2026-08-09 06:26:57,default,proj-e626b11c63844e458db1e0f9ec55a330,zhikun,ak-f9w8q5r883w111cpz35i,124941,734,124416
chatcmpl-6a77ad1a7c5695c6eaa5a51f,kimi-k3,2026-08-09 06:26:37,default,proj-e626b11c63844e458db1e0f9ec55a330,zhikun,ak-f9w8q5r883w111cpz35i,124531,74,124160
chatcmpl-6a77ad157c5695c6eaa5a51a,kimi-k3,2026-08-09 06:26:33,default,proj-e626b11c63844e458db1e0f9ec55a330,zhikun,ak-f9w8q5r883w111cpz35i,124332,146,124160
chatcmpl-6a77ad107c5695c6eaa5a517,kimi-k3,2026-08-09 06:26:27,default,proj-e626b11c63844e458db1e0f9ec55a330,zhikun,ak-f9w8q5r883w111cpz35i,124197,71,123904
chatcmpl-6a77ad017c5695c6eaa5a50b,kimi-k3,2026-08-09 06:26:14,default,proj-e626b11c63844e458db1e0f9ec55a330,zhikun,ak-f9w8q5r883w111cpz35i,123990,155,123392
chatcmpl-6a77acf606e1ba963961b354,kimi-k3,2026-08-09 06:26:05,default,proj-e626b11c63844e458db1e0f9ec55a330,zhikun,ak-f9w8q5r883w111cpz35i,123779,291,123392
chatcmpl-6a77acf106e1ba963961b350,kimi-k3,2026-08-09 06:25:56,default,proj-e626b11c63844e458db1e0f9ec55a330,zhikun,ak-f9w8q5r883w111cpz35i,123447,72,122624
chatcmpl-6a77ace47c5695c6eaa5a4fb,kimi-k3,2026-08-09 06:25:50,default,proj-e626b11c63844e458db1e0f9ec55a330,zhikun,ak-f9w8q5r883w111cpz35i,124243,483,122624
chatcmpl-6a77acdd7c5695c6eaa5a4f5,kimi-k3,2026-08-09 06:25:36,default,proj-e626b11c63844e458db1e0f9ec55a330,zhikun,ak-f9w8q5r883w111cpz35i,122701,71,122368
chatcmpl-6a77acd806e1ba963961b340,kimi-k3,2026-08-09 06:25:32,default,proj-e626b11c63844e458db1e0f9ec55a330,zhikun,ak-f9w8q5r883w111cpz35i,122511,139,122368
chatcmpl-6a77acd37c5695c6eaa5a4eb,kimi-k3,2026-08-09 06:25:25,default,proj-e626b11c63844e458db1e0f9ec55a330,zhikun,ak-f9w8q5r883w111cpz35i,122376,71,121600
chatcmpl-6a77acc77c5695c6eaa5a4e1,kimi-k3,2026-08-09 06:25:21,default,proj-e626b11c63844e458db1e0f9ec55a330,zhikun,ak-f9w8q5r883w111cpz35i,121799,494,119808
chatcmpl-6a77acb17c5695c6eaa5a4d2,kimi-k3,2026-08-09 06:25:09,default,proj-e626b11c63844e458db1e0f9ec55a330,zhikun,ak-f9w8q5r883w111cpz35i,120995,1013,119552
chatcmpl-6a77aca006e1ba963961b326,kimi-k3,2026-08-09 06:24:46,default,proj-e626b11c63844e458db1e0f9ec55a330,zhikun,ak-f9w8q5r883w111cpz35i,120350,525,119296
chatcmpl-6a77ac967c5695c6eaa5a4c5,kimi-k3,2026-08-09 06:24:29,default,proj-e626b11c63844e458db1e0f9ec55a330,zhikun,ak-f9w8q5r883w111cpz35i,121070,229,119296
chatcmpl-6a77ac907c5695c6eaa5a4c2,kimi-k3,2026-08-09 06:24:19,default,proj-e626b11c63844e458db1e0f9ec55a330,zhikun,ak-f9w8q5r883w111cpz35i,119521,74,119040
chatcmpl-6a77ac8a7c5695c6eaa5a4be,kimi-k3,2026-08-09 06:24:15,default,proj-e626b11c63844e458db1e0f9ec55a330,zhikun,ak-f9w8q5r883w111cpz35i,119236,209,119040
chatcmpl-6a77ac8506e1ba963961b314,kimi-k3,2026-08-09 06:24:08,default,proj-e626b11c63844e458db1e0f9ec55a330,zhikun,ak-f9w8q5r883w111cpz35i,119101,71,118016
chatcmpl-6a77ac707c5695c6eaa5a4b1,kimi-k3,2026-08-09 06:24:02,default,proj-e626b11c63844e458db1e0f9ec55a330,zhikun,ak-f9w8q5r883w111cpz35i,119652,759,118016
chatcmpl-6a77ac6a7c5695c6eaa5a4ab,kimi-k3,2026-08-09 06:23:41,default,proj-e626b11c63844e458db1e0f9ec55a330,zhikun,ak-f9w8q5r883w111cpz35i,118103,73,117760
chatcmpl-6a77ac6506e1ba963961b303,kimi-k3,2026-08-09 06:23:36,default,proj-e626b11c63844e458db1e0f9ec55a330,zhikun,ak-f9w8q5r883w111cpz35i,117956,120,117760
chatcmpl-6a77ac5f7c5695c6eaa5a4a2,kimi-k3,2026-08-09 06:23:30,default,proj-e626b11c63844e458db1e0f9ec55a330,zhikun,ak-f9w8q5r883w111cpz35i,117821,71,116992
chatcmpl-6a77ac4f06e1ba963961b2f6,kimi-k3,2026-08-09 06:23:25,default,proj-e626b11c63844e458db1e0f9ec55a330,zhikun,ak-f9w8q5r883w111cpz35i,117131,625,116736
chatcmpl-6a77ac3806e1ba963961b2ec,kimi-k3,2026-08-09 06:22:54,default,proj-e626b11c63844e458db1e0f9ec55a330,zhikun,ak-f9w8q5r883w111cpz35i,116793,248,116480
chatcmpl-6a77ac307c5695c6eaa5a488,kimi-k3,2026-08-09 06:22:44,default,proj-e626b11c63844e458db1e0f9ec55a330,zhikun,ak-f9w8q5r883w111cpz35i,116566,169,116224
chatcmpl-6a77ac287c5695c6eaa5a482,kimi-k3,2026-08-09 06:22:37,default,proj-e626b11c63844e458db1e0f9ec55a330,zhikun,ak-f9w8q5r883w111cpz35i,116283,209,115712
chatcmpl-6a77ac207c5695c6eaa5a47e,kimi-k3,2026-08-09 06:22:31,default,proj-e626b11c63844e458db1e0f9ec55a330,zhikun,ak-f9w8q5r883w111cpz35i,115913,326,115456
chatcmpl-6a77ac197c5695c6eaa5a479,kimi-k3,2026-08-09 06:22:23,default,proj-e626b11c63844e458db1e0f9ec55a330,zhikun,ak-f9w8q5r883w111cpz35i,115591,278,115200
chatcmpl-6a77ac127c5695c6eaa5a476,kimi-k3,2026-08-09 06:22:16,default,proj-e626b11c63844e458db1e0f9ec55a330,zhikun,ak-f9w8q5r883w111cpz35i,115217,330,114688
chatcmpl-6a77ac0b7c5695c6eaa5a471,kimi-k3,2026-08-09 06:22:09,default,proj-e626b11c63844e458db1e0f9ec55a330,zhikun,ak-f9w8q5r883w111cpz35i,114897,276,113920
chatcmpl-6a77abfb06e1ba963961b2e1,kimi-k3,2026-08-09 06:22:01,default,proj-e626b11c63844e458db1e0f9ec55a330,zhikun,ak-f9w8q5r883w111cpz35i,114086,767,113408
chatcmpl-6a77abed7c5695c6eaa5a464,kimi-k3,2026-08-09 06:21:46,default,proj-e626b11c63844e458db1e0f9ec55a330,zhikun,ak-f9w8q5r883w111cpz35i,113416,627,112128
chatcmpl-6a77abda06e1ba963961b2d1,kimi-k3,2026-08-09 06:21:31,default,proj-e626b11c63844e458db1e0f9ec55a330,zhikun,ak-f9w8q5r883w111cpz35i,112292,1080,97536
chatcmpl-6a77ab987c5695c6eaa5a436,kimi-k3,2026-08-09 06:21:13,default,proj-e626b11c63844e458db1e0f9ec55a330,zhikun,ak-f9w8q5r883w111cpz35i,108365,3890,108032
chatcmpl-6a77ab8f06e1ba963961b2c4,kimi-k3,2026-08-09 06:20:06,default,proj-e626b11c63844e458db1e0f9ec55a330,zhikun,ak-f9w8q5r883w111cpz35i,108033,288,107520
chatcmpl-6a77ab887c5695c6eaa5a42c,kimi-k3,2026-08-09 06:19:57,default,proj-e626b11c63844e458db1e0f9ec55a330,zhikun,ak-f9w8q5r883w111cpz35i,107750,239,107264
chatcmpl-6a77ab7e06e1ba963961b2ba,kimi-k3,2026-08-09 06:19:50,default,proj-e626b11c63844e458db1e0f9ec55a330,zhikun,ak-f9w8q5r883w111cpz35i,107342,364,106752
chatcmpl-6a77ab737c5695c6eaa5a420,kimi-k3,2026-08-09 06:19:40,default,proj-e626b11c63844e458db1e0f9ec55a330,zhikun,ak-f9w8q5r883w111cpz35i,106837,461,105728
chatcmpl-6a77ab6106e1ba963961b2af,kimi-k3,2026-08-09 06:19:29,default,proj-e626b11c63844e458db1e0f9ec55a330,zhikun,ak-f9w8q5r883w111cpz35i,105836,957,105216
chatcmpl-6a77ab5806e1ba963961b2a9,kimi-k3,2026-08-09 06:19:12,default,proj-e626b11c63844e458db1e0f9ec55a330,zhikun,ak-f9w8q5r883w111cpz35i,105465,327,104960
chatcmpl-6a77ab517c5695c6eaa5a408,kimi-k3,2026-08-09 06:19:02,default,proj-e626b11c63844e458db1e0f9ec55a330,zhikun,ak-f9w8q5r883w111cpz35i,105184,238,104704
chatcmpl-6a77ab4a7c5695c6eaa5a402,kimi-k3,2026-08-09 06:18:56,default,proj-e626b11c63844e458db1e0f9ec55a330,zhikun,ak-f9w8q5r883w111cpz35i,104914,226,104448
chatcmpl-6a77ab4006e1ba963961b297,kimi-k3,2026-08-09 06:18:48,default,proj-e626b11c63844e458db1e0f9ec55a330,zhikun,ak-f9w8q5r883w111cpz35i,104469,401,104192
chatcmpl-6a77ab3b06e1ba963961b293,kimi-k3,2026-08-09 06:18:39,default,proj-e626b11c63844e458db1e0f9ec55a330,zhikun,ak-f9w8q5r883w111cpz35i,104262,164,103680
chatcmpl-6a77ab3106e1ba963961b28c,kimi-k3,2026-08-09 06:18:33,default,proj-e626b11c63844e458db1e0f9ec55a330,zhikun,ak-f9w8q5r883w111cpz35i,103788,430,102912
chatcmpl-6a77ab2506e1ba963961b286,kimi-k3,2026-08-09 06:18:24,default,proj-e626b11c63844e458db1e0f9ec55a330,zhikun,ak-f9w8q5r883w111cpz35i,103124,620,102912
chatcmpl-6a77ab1f06e1ba963961b282,kimi-k3,2026-08-09 06:18:12,default,proj-e626b11c63844e458db1e0f9ec55a330,zhikun,ak-f9w8q5r883w111cpz35i,102929,151,101888
chatcmpl-6a77ab1006e1ba963961b277,kimi-k3,2026-08-09 06:18:06,default,proj-e626b11c63844e458db1e0f9ec55a330,zhikun,ak-f9w8q5r883w111cpz35i,102089,796,97280
chatcmpl-6a77aac906e1ba963961b24a,kimi-k3,2026-08-09 06:17:50,default,proj-e626b11c63844e458db1e0f9ec55a330,zhikun,ak-f9w8q5r883w111cpz35i,98934,3425,97280
chatcmpl-6a77aac406e1ba963961b243,kimi-k3,2026-08-09 06:16:39,default,proj-e626b11c63844e458db1e0f9ec55a330,zhikun,ak-f9w8q5r883w111cpz35i,97384,74,97024
chatcmpl-6a77aabf06e1ba963961b240,kimi-k3,2026-08-09 06:16:35,default,proj-e626b11c63844e458db1e0f9ec55a330,zhikun,ak-f9w8q5r883w111cpz35i,97235,122,94464
chatcmpl-6a77aa8306e1ba963961b21f,kimi-k3,2026-08-09 06:16:29,default,proj-e626b11c63844e458db1e0f9ec55a330,zhikun,ak-f9w8q5r883w111cpz35i,94602,2569,93696
chatcmpl-6a77aa6806e1ba963961b20c,kimi-k3,2026-08-09 06:15:20,default,proj-e626b11c63844e458db1e0f9ec55a330,zhikun,ak-f9w8q5r883w111cpz35i,93812,716,93440
chatcmpl-6a77aa5206e1ba963961b204,kimi-k3,2026-08-09 06:14:48,default,proj-e626b11c63844e458db1e0f9ec55a330,zhikun,ak-f9w8q5r883w111cpz35i,93463,250,92928
chatcmpl-6a77aa4b06e1ba963961b200,kimi-k3,2026-08-09 06:14:41,default,proj-e626b11c63844e458db1e0f9ec55a330,zhikun,ak-f9w8q5r883w111cpz35i,93135,243,92928
chatcmpl-6a77aa4206e1ba963961b1fa,kimi-k3,2026-08-09 06:14:29,default,proj-e626b11c63844e458db1e0f9ec55a330,zhikun,ak-f9w8q5r883w111cpz35i,92981,99,89856
chatcmpl-6a77aa0006e1ba963961b1d1,kimi-k3,2026-08-09 06:14:25,default,proj-e626b11c63844e458db1e0f9ec55a330,zhikun,ak-f9w8q5r883w111cpz35i,89972,2982,89344
chatcmpl-6a77a9fb06e1ba963961b1cd,kimi-k3,2026-08-09 06:13:19,default,proj-e626b11c63844e458db1e0f9ec55a330,zhikun,ak-f9w8q5r883w111cpz35i,89363,91,88064
chatcmpl-6a77a9e406e1ba963961b1be,kimi-k3,2026-08-09 06:13:14,default,proj-e626b11c63844e458db1e0f9ec55a330,zhikun,ak-f9w8q5r883w111cpz35i,88212,970,75776
chatcmpl-6a77a9dbecb35dbc6c25b5f3,kimi-k3,2026-08-09 06:12:50,default,proj-e626b11c63844e458db1e0f9ec55a330,zhikun,ak-f9w8q5r883w111cpz35i,75943,267,69632
chatcmpl-6a77a9d8ecb35dbc6c25b5ef,kimi-k3,2026-08-09 06:12:42,default,proj-e626b11c63844e458db1e0f9ec55a330,zhikun,ak-f9w8q5r883w111cpz35i,69704,66,65536
chatcmpl-6a77a99cecb35dbc6c25b5c3,kimi-k3,2026-08-09 06:12:39,default,proj-e626b11c63844e458db1e0f9ec55a330,zhikun,ak-f9w8q5r883w111cpz35i,65580,2807,49664
chatcmpl-6a77a998ecb35dbc6c25b5c2,kimi-k3,2026-08-09 06:11:39,default,proj-e626b11c63844e458db1e0f9ec55a330,zhikun,ak-f9w8q5r883w111cpz35i,49738,92,46848
chatcmpl-6a77a986ecb35dbc6c25b5b3,kimi-k3,2026-08-09 06:11:35,default,proj-e626b11c63844e458db1e0f9ec55a330,zhikun,ak-f9w8q5r883w111cpz35i,46875,894,39680
chatcmpl-6a77a9797c5695c6eaa5a312,kimi-k3,2026-08-09 06:11:16,default,proj-e626b11c63844e458db1e0f9ec55a330,zhikun,ak-f9w8q5r883w111cpz35i,39732,464,27648
chatcmpl-6a77a96c7c5695c6eaa5a308,kimi-k3,2026-08-09 06:11:04,default,proj-e626b11c63844e458db1e0f9ec55a330,zhikun,ak-f9w8q5r883w111cpz35i,27845,571,17664
chatcmpl-6a77a96906e1ba963961b166,kimi-k3,2026-08-09 06:10:51,default,proj-e626b11c63844e458db1e0f9ec55a330,zhikun,ak-f9w8q5r883w111cpz35i,17714,66,15872
chatcmpl-6a77a96506e1ba963961b162,kimi-k3,2026-08-09 06:10:48,default,proj-e626b11c63844e458db1e0f9ec55a330,zhikun,ak-f9w8q5r883w111cpz35i,15987,126,15360
chatcmpl-6a77a95f7c5695c6eaa5a2ff,kimi-k3,2026-08-09 06:10:43,default,proj-e626b11c63844e458db1e0f9ec55a330,zhikun,ak-f9w8q5r883w111cpz35i,15380,183,15104
chatcmpl-6a77a95ab35cd1c7230eabed,kimi-k3,2026-08-09 06:10:38,default,proj-e626b11c63844e458db1e0f9ec55a330,zhikun,ak-f9w8q5r883w111cpz35i,15179,161,14848
chatcmpl-6a77a95506e1ba963961b156,kimi-k3,2026-08-09 06:10:33,default,proj-e626b11c63844e458db1e0f9ec55a330,zhikun,ak-f9w8q5r883w111cpz35i,14907,139,14336
chatcmpl-6a77a9507c5695c6eaa5a2f8,kimi-k3,2026-08-09 06:10:28,default,proj-e626b11c63844e458db1e0f9ec55a330,zhikun,ak-f9w8q5r883w111cpz35i,14476,127,14080
chatcmpl-6a77a94c7c5695c6eaa5a2f4,kimi-k3,2026-08-09 06:10:23,default,proj-e626b11c63844e458db1e0f9ec55a330,zhikun,ak-f9w8q5r883w111cpz35i,14254,119,12288
chatcmpl-6a77a928f3154d657bce7b3b,kimi-k3,2026-08-09 06:10:19,default,proj-e626b11c63844e458db1e0f9ec55a330,zhikun,ak-f9w8q5r883w111cpz35i,81955,1544,80128
chatcmpl-6a77a922f051a4bda8a0c316,kimi-k3,2026-08-09 06:09:41,default,proj-e626b11c63844e458db1e0f9ec55a330,zhikun,ak-f9w8q5r883w111cpz35i,80361,96,80128
chatcmpl-6a77a91ccfe918a31093088b,kimi-k3,2026-08-09 06:09:35,default,proj-e626b11c63844e458db1e0f9ec55a330,zhikun,ak-f9w8q5r883w111cpz35i,80223,53,80128
chatcmpl-6a77a8f9f3154d657bce7b1e,kimi-k3,2026-08-09 06:09:00,default,proj-e626b11c63844e458db1e0f9ec55a330,zhikun,ak-f9w8q5r883w111cpz35i,80138,51,79872
chatcmpl-6a77a8ebcfe918a310930869,kimi-k3,2026-08-09 06:08:48,default,proj-e626b11c63844e458db1e0f9ec55a330,zhikun,ak-f9w8q5r883w111cpz35i,79888,195,78336
chatcmpl-6a77a8d47c5695c6eaa5a2a4,kimi-k3,2026-08-09 06:08:41,default,proj-e626b11c63844e458db1e0f9ec55a330,zhikun,ak-f9w8q5r883w111cpz35i,263829,971,258304
chatcmpl-6a77a8b07c5695c6eaa5a28a,kimi-k3,2026-08-09 06:08:18,default,proj-e626b11c63844e458db1e0f9ec55a330,zhikun,ak-f9w8q5r883w111cpz35i,259915,1588,258304
chatcmpl-6a77a8a97c5695c6eaa5a284,kimi-k3,2026-08-09 06:07:41,default,proj-e626b11c63844e458db1e0f9ec55a330,zhikun,ak-f9w8q5r883w111cpz35i,258354,81,258048
chatcmpl-6a77a8a47c5695c6eaa5a27c,kimi-k3,2026-08-09 06:07:35,default,proj-e626b11c63844e458db1e0f9ec55a330,zhikun,ak-f9w8q5r883w111cpz35i,258231,53,254464
chatcmpl-6a77a89f7c5695c6eaa5a278,kimi-k3,2026-08-09 06:07:30,default,proj-e626b11c63844e458db1e0f9ec55a330,zhikun,ak-f9w8q5r883w111cpz35i,254514,72,249856
chatcmpl-6a77a88b7c5695c6eaa5a26c,kimi-k3,2026-08-09 06:07:25,default,proj-e626b11c63844e458db1e0f9ec55a330,zhikun,ak-f9w8q5r883w111cpz35i,250003,864,245504
chatcmpl-6a77a87b2faf3155ef3d8488,kimi-k3,2026-08-09 06:07:04,default,proj-e626b11c63844e458db1e0f9ec55a330,zhikun,ak-f9w8q5r883w111cpz35i,245745,611,241664
chatcmpl-6a77a8737c5695c6eaa5a25c,kimi-k3,2026-08-09 06:06:48,default,proj-e626b11c63844e458db1e0f9ec55a330,zhikun,ak-f9w8q5r883w111cpz35i,241755,213,241408
chatcmpl-6a77a8677c5695c6eaa5a252,kimi-k3,2026-08-09 06:06:37,default,proj-e626b11c63844e458db1e0f9ec55a330,zhikun,ak-f9w8q5r883w111cpz35i,241420,280,239360
chatcmpl-6a77a83e2faf3155ef3d844d,kimi-k3,2026-08-09 06:06:28,default,proj-e626b11c63844e458db1e0f9ec55a330,zhikun,ak-f9w8q5r883w111cpz35i,239455,1921,234240
chatcmpl-6a77a8247c5695c6eaa5a231,kimi-k3,2026-08-09 06:05:47,default,proj-e626b11c63844e458db1e0f9ec55a330,zhikun,ak-f9w8q5r883w111cpz35i,235823,1090,234240
chatcmpl-6a77a81e7c5695c6eaa5a22c,kimi-k3,2026-08-09 06:05:21,default,proj-e626b11c63844e458db1e0f9ec55a330,zhikun,ak-f9w8q5r883w111cpz35i,234258,81,233984
chatcmpl-6a77a8172faf3155ef3d842b,kimi-k3,2026-08-09 06:05:14,default,proj-e626b11c63844e458db1e0f9ec55a330,zhikun,ak-f9w8q5r883w111cpz35i,234135,53,230144
chatcmpl-6a77a8102faf3155ef3d8424,kimi-k3,2026-08-09 06:05:09,default,proj-e626b11c63844e458db1e0f9ec55a330,zhikun,ak-f9w8q5r883w111cpz35i,230333,156,224768
chatcmpl-6a77a7ee2faf3155ef3d8408,kimi-k3,2026-08-09 06:05:03,default,proj-e626b11c63844e458db1e0f9ec55a330,zhikun,ak-f9w8q5r883w111cpz35i,226580,1463,224768
chatcmpl-6a77a7e72faf3155ef3d8402,kimi-k3,2026-08-09 06:04:27,default,proj-e626b11c63844e458db1e0f9ec55a330,zhikun,ak-f9w8q5r883w111cpz35i,225015,81,224768
chatcmpl-6a77a7e07c5695c6eaa5a208,kimi-k3,2026-08-09 06:04:20,default,proj-e626b11c63844e458db1e0f9ec55a330,zhikun,ak-f9w8q5r883w111cpz35i,224852,93,220928
chatcmpl-6a77a7d97c5695c6eaa5a203,kimi-k3,2026-08-09 06:04:14,default,proj-e626b11c63844e458db1e0f9ec55a330,zhikun,ak-f9w8q5r883w111cpz35i,220947,259,220672
chatcmpl-6a77a7cf2faf3155ef3d83eb,kimi-k3,2026-08-09 06:04:03,default,proj-e626b11c63844e458db1e0f9ec55a330,zhikun,ak-f9w8q5r883w111cpz35i,220862,51,220672
chatcmpl-6a77a7c52faf3155ef3d83e3,kimi-k3,2026-08-09 06:03:53,default,proj-e626b11c63844e458db1e0f9ec55a330,zhikun,ak-f9w8q5r883w111cpz35i,220694,113,218112
chatcmpl-6a77a7952faf3155ef3d83b2,kimi-k3,2026-08-09 06:03:47,default,proj-e626b11c63844e458db1e0f9ec55a330,zhikun,ak-f9w8q5r883w111cpz35i,219827,2177,218112
chatcmpl-6a77a78d2faf3155ef3d83ae,kimi-k3,2026-08-09 06:02:57,default,proj-e626b11c63844e458db1e0f9ec55a330,zhikun,ak-f9w8q5r883w111cpz35i,218262,81,218112
chatcmpl-6a77a7867c5695c6eaa5a1e7,kimi-k3,2026-08-09 06:02:49,default,proj-e626b11c63844e458db1e0f9ec55a330,zhikun,ak-f9w8q5r883w111cpz35i,218116,76,214272
chatcmpl-6a77a7807c5695c6eaa5a1e3,kimi-k3,2026-08-09 06:02:44,default,proj-e626b11c63844e458db1e0f9ec55a330,zhikun,ak-f9w8q5r883w111cpz35i,214374,88,209408
chatcmpl-6a77a7677c5695c6eaa5a1d3,kimi-k3,2026-08-09 06:02:39,default,proj-e626b11c63844e458db1e0f9ec55a330,zhikun,ak-f9w8q5r883w111cpz35i,210977,1107,209408
chatcmpl-6a77a7607c5695c6eaa5a1ce,kimi-k3,2026-08-09 06:02:12,default,proj-e626b11c63844e458db1e0f9ec55a330,zhikun,ak-f9w8q5r883w111cpz35i,209414,81,209152
chatcmpl-6a77a75a7c5695c6eaa5a1cb,kimi-k3,2026-08-09 06:02:06,default,proj-e626b11c63844e458db1e0f9ec55a330,zhikun,ak-f9w8q5r883w111cpz35i,209260,84,205312
chatcmpl-6a77a7537c5695c6eaa5a1c5,kimi-k3,2026-08-09 06:02:01,default,proj-e626b11c63844e458db1e0f9ec55a330,zhikun,ak-f9w8q5r883w111cpz35i,205385,221,200960
chatcmpl-6a77a7427c5695c6eaa5a1ba,kimi-k3,2026-08-09 06:01:53,default,proj-e626b11c63844e458db1e0f9ec55a330,zhikun,ak-f9w8q5r883w111cpz35i,201053,688,200704
chatcmpl-6a77a73d7c5695c6eaa5a1b7,kimi-k3,2026-08-09 06:01:36,default,proj-e626b11c63844e458db1e0f9ec55a330,zhikun,ak-f9w8q5r883w111cpz35i,200839,81,200192
chatcmpl-6a77a7317c5695c6eaa5a1ab,kimi-k3,2026-08-09 06:01:31,default,proj-e626b11c63844e458db1e0f9ec55a330,zhikun,ak-f9w8q5r883w111cpz35i,200396,373,196608
chatcmpl-6a77a72b7c5695c6eaa5a1a7,kimi-k3,2026-08-09 06:01:19,default,proj-e626b11c63844e458db1e0f9ec55a330,zhikun,ak-f9w8q5r883w111cpz35i,196613,114,196352
chatcmpl-6a77a71c7c5695c6eaa5a19d,kimi-k3,2026-08-09 06:01:04,default,proj-e626b11c63844e458db1e0f9ec55a330,zhikun,ak-f9w8q5r883w111cpz35i,196528,51,196352
chatcmpl-6a77a7147c5695c6eaa5a195,kimi-k3,2026-08-09 06:00:56,default,proj-e626b11c63844e458db1e0f9ec55a330,zhikun,ak-f9w8q5r883w111cpz35i,196360,113,195328
chatcmpl-6a77a6fd7c5695c6eaa5a187,kimi-k3,2026-08-09 06:00:49,default,proj-e626b11c63844e458db1e0f9ec55a330,zhikun,ak-f9w8q5r883w111cpz35i,195378,950,194048
chatcmpl-6a77a6f5cfe918a310930773,kimi-k3,2026-08-09 06:00:26,default,proj-e626b11c63844e458db1e0f9ec55a330,zhikun,ak-f9w8q5r883w111cpz35i,194300,133,190208
chatcmpl-6a77a6ef7c5695c6eaa5a181,kimi-k3,2026-08-09 06:00:18,default,proj-e626b11c63844e458db1e0f9ec55a330,zhikun,ak-f9w8q5r883w111cpz35i,190422,72,186368
chatcmpl-6a77a6e77c5695c6eaa5a17d,kimi-k3,2026-08-09 06:00:13,default,proj-e626b11c63844e458db1e0f9ec55a330,zhikun,ak-f9w8q5r883w111cpz35i,186524,253,182016
chatcmpl-6a77a6d67c5695c6eaa5a173,kimi-k3,2026-08-09 06:00:05,default,proj-e626b11c63844e458db1e0f9ec55a330,zhikun,ak-f9w8q5r883w111cpz35i,182227,644,178176
chatcmpl-6a77a6d07c5695c6eaa5a171,kimi-k3,2026-08-09 05:59:48,default,proj-e626b11c63844e458db1e0f9ec55a330,zhikun,ak-f9w8q5r883w111cpz35i,178300,145,178176
chatcmpl-6a77a6bf7c5695c6eaa5a166,kimi-k3,2026-08-09 05:59:31,default,proj-e626b11c63844e458db1e0f9ec55a330,zhikun,ak-f9w8q5r883w111cpz35i,178215,51,177920
chatcmpl-6a77a6ba7c5695c6eaa5a163,kimi-k3,2026-08-09 05:59:26,default,proj-e626b11c63844e458db1e0f9ec55a330,zhikun,ak-f9w8q5r883w111cpz35i,178047,113,177664
chatcmpl-6a77a6b37c5695c6eaa5a15e,kimi-k3,2026-08-09 05:59:21,default,proj-e626b11c63844e458db1e0f9ec55a330,zhikun,ak-f9w8q5r883w111cpz35i,177739,264,176384
chatcmpl-6a77a69a7c5695c6eaa5a153,kimi-k3,2026-08-09 05:59:13,default,proj-e626b11c63844e458db1e0f9ec55a330,zhikun,ak-f9w8q5r883w111cpz35i,176560,1135,140032
chatcmpl-6a77a6957c5695c6eaa5a14f,kimi-k3,2026-08-09 05:58:49,default,proj-e626b11c63844e458db1e0f9ec55a330,zhikun,ak-f9w8q5r883w111cpz35i,140057,118,139776
chatcmpl-6a77a6897c5695c6eaa5a148,kimi-k3,2026-08-09 05:58:36,default,proj-e626b11c63844e458db1e0f9ec55a330,zhikun,ak-f9w8q5r883w111cpz35i,139972,51,139520
chatcmpl-6a77a6827c5695c6eaa5a144,kimi-k3,2026-08-09 05:58:31,default,proj-e626b11c63844e458db1e0f9ec55a330,zhikun,ak-f9w8q5r883w111cpz35i,139640,255,139264
chatcmpl-6a77a67c7c5695c6eaa5a140,kimi-k3,2026-08-09 05:58:24,default,proj-e626b11c63844e458db1e0f9ec55a330,zhikun,ak-f9w8q5r883w111cpz35i,139478,117,138752
chatcmpl-6a77a6717c5695c6eaa5a13a,kimi-k3,2026-08-09 05:58:19,default,proj-e626b11c63844e458db1e0f9ec55a330,zhikun,ak-f9w8q5r883w111cpz35i,138939,497,138496
chatcmpl-6a77a66a7c5695c6eaa5a136,kimi-k3,2026-08-09 05:58:08,default,proj-e626b11c63844e458db1e0f9ec55a330,zhikun,ak-f9w8q5r883w111cpz35i,138616,279,137728
chatcmpl-6a77a65b7c5695c6eaa5a12e,kimi-k3,2026-08-09 05:58:01,default,proj-e626b11c63844e458db1e0f9ec55a330,zhikun,ak-f9w8q5r883w111cpz35i,137850,722,136960
chatcmpl-6a77a64d7c5695c6eaa5a126,kimi-k3,2026-08-09 05:57:46,default,proj-e626b11c63844e458db1e0f9ec55a330,zhikun,ak-f9w8q5r883w111cpz35i,137114,693,136704
chatcmpl-6a77a6467c5695c6eaa5a121,kimi-k3,2026-08-09 05:57:32,default,proj-e626b11c63844e458db1e0f9ec55a330,zhikun,ak-f9w8q5r883w111cpz35i,136834,237,136448
chatcmpl-6a77a63e7c5695c6eaa5a11b,kimi-k3,2026-08-09 05:57:25,default,proj-e626b11c63844e458db1e0f9ec55a330,zhikun,ak-f9w8q5r883w111cpz35i,136556,243,136192
chatcmpl-6a77a6377c5695c6eaa5a119,kimi-k3,2026-08-09 05:57:17,default,proj-e626b11c63844e458db1e0f9ec55a330,zhikun,ak-f9w8q5r883w111cpz35i,136289,223,135680
chatcmpl-6a77a62d7c5695c6eaa5a110,kimi-k3,2026-08-09 05:57:10,default,proj-e626b11c63844e458db1e0f9ec55a330,zhikun,ak-f9w8q5r883w111cpz35i,135764,481,134400
chatcmpl-6a77a6187c5695c6eaa5a106,kimi-k3,2026-08-09 05:56:59,default,proj-e626b11c63844e458db1e0f9ec55a330,zhikun,ak-f9w8q5r883w111cpz35i,134545,1175,132864
chatcmpl-6a77a5fdf051a4bda8a0c033,kimi-k3,2026-08-09 05:56:37,default,proj-e626b11c63844e458db1e0f9ec55a330,zhikun,ak-f9w8q5r883w111cpz35i,132998,1503,132352
chatcmpl-6a77a5f3f051a4bda8a0c02c,kimi-k3,2026-08-09 05:56:12,default,proj-e626b11c63844e458db1e0f9ec55a330,zhikun,ak-f9w8q5r883w111cpz35i,132539,415,131840
chatcmpl-6a77a5e87c5695c6eaa5a0f9,kimi-k3,2026-08-09 05:56:01,default,proj-e626b11c63844e458db1e0f9ec55a330,zhikun,ak-f9w8q5r883w111cpz35i,132048,447,131584
chatcmpl-6a77a5dc7c5695c6eaa5a0f4,kimi-k3,2026-08-09 05:55:51,default,proj-e626b11c63844e458db1e0f9ec55a330,zhikun,ak-f9w8q5r883w111cpz35i,131586,418,86528
chatcmpl-6a77a5d47c5695c6eaa5a0f0,kimi-k3,2026-08-09 05:55:39,default,proj-e626b11c63844e458db1e0f9ec55a330,zhikun,ak-f9w8q5r883w111cpz35i,131203,338,129792
chatcmpl-6a77a5be7c5695c6eaa5a0e2,kimi-k3,2026-08-09 05:55:31,default,proj-e626b11c63844e458db1e0f9ec55a330,zhikun,ak-f9w8q5r883w111cpz35i,129883,1276,129280
chatcmpl-6a77a5b57c5695c6eaa5a0db,kimi-k3,2026-08-09 05:55:08,default,proj-e626b11c63844e458db1e0f9ec55a330,zhikun,ak-f9w8q5r883w111cpz35i,129433,406,125440
chatcmpl-6a77a56f7c5695c6eaa5a0be,kimi-k3,2026-08-09 05:54:59,default,proj-e626b11c63844e458db1e0f9ec55a330,zhikun,ak-f9w8q5r883w111cpz35i,125657,3732,125184
chatcmpl-6a77a5687c5695c6eaa5a0ba,kimi-k3,2026-08-09 05:53:49,default,proj-e626b11c63844e458db1e0f9ec55a330,zhikun,ak-f9w8q5r883w111cpz35i,125342,271,124928
chatcmpl-6a77a5607c5695c6eaa5a0b3,kimi-k3,2026-08-09 05:53:42,default,proj-e626b11c63844e458db1e0f9ec55a330,zhikun,ak-f9w8q5r883w111cpz35i,124981,317,124416
chatcmpl-6a77a5547c5695c6eaa5a0b0,kimi-k3,2026-08-09 05:53:35,default,proj-e626b11c63844e458db1e0f9ec55a330,zhikun,ak-f9w8q5r883w111cpz35i,124669,268,14592
chatcmpl-6a77a54b7c5695c6eaa5a0a9,kimi-k3,2026-08-09 05:53:23,default,proj-e626b11c63844e458db1e0f9ec55a330,zhikun,ak-f9w8q5r883w111cpz35i,124293,331,123648
chatcmpl-6a77a53b7c5695c6eaa5a09d,kimi-k3,2026-08-09 05:53:13,default,proj-e626b11c63844e458db1e0f9ec55a330,zhikun,ak-f9w8q5r883w111cpz35i,123678,584,111616
chatcmpl-6a77a4787c5695c6eaa5a03f,kimi-k3,2026-08-09 05:52:58,default,proj-e626b11c63844e458db1e0f9ec55a330,zhikun,ak-f9w8q5r883w111cpz35i,111650,11984,110848
chatcmpl-6a77a46db35cd1c7230ea8c0,kimi-k3,2026-08-09 05:49:42,default,proj-e626b11c63844e458db1e0f9ec55a330,zhikun,ak-f9w8q5r883w111cpz35i,111083,344,110592
chatcmpl-6a77a4657c5695c6eaa5a033,kimi-k3,2026-08-09 05:49:31,default,proj-e626b11c63844e458db1e0f9ec55a330,zhikun,ak-f9w8q5r883w111cpz35i,110843,209,110592
chatcmpl-6a77a45c7c5695c6eaa5a02f,kimi-k3,2026-08-09 05:49:19,default,proj-e626b11c63844e458db1e0f9ec55a330,zhikun,ak-f9w8q5r883w111cpz35i,110694,96,110080
chatcmpl-6a77a44f7c5695c6eaa5a02a,kimi-k3,2026-08-09 05:49:15,default,proj-e626b11c63844e458db1e0f9ec55a330,zhikun,ak-f9w8q5r883w111cpz35i,110135,515,109312
chatcmpl-6a77a4427c5695c6eaa5a021,kimi-k3,2026-08-09 05:49:02,default,proj-e626b11c63844e458db1e0f9ec55a330,zhikun,ak-f9w8q5r883w111cpz35i,109361,730,105472
chatcmpl-6a77a3fd7c5695c6eaa5a001,kimi-k3,2026-08-09 05:48:48,default,proj-e626b11c63844e458db1e0f9ec55a330,zhikun,ak-f9w8q5r883w111cpz35i,105689,3628,90880
chatcmpl-6a77a3137c5695c6eaa59fac,kimi-k3,2026-08-09 05:47:39,default,proj-e626b11c63844e458db1e0f9ec55a330,zhikun,ak-f9w8q5r883w111cpz35i,91035,14610,90368
chatcmpl-6a77a30b7c5695c6eaa59fa8,kimi-k3,2026-08-09 05:43:46,default,proj-e626b11c63844e458db1e0f9ec55a330,zhikun,ak-f9w8q5r883w111cpz35i,90451,348,90112
chatcmpl-6a77a3057c5695c6eaa59fa4,kimi-k3,2026-08-09 05:43:38,default,proj-e626b11c63844e458db1e0f9ec55a330,zhikun,ak-f9w8q5r883w111cpz35i,90235,165,87296
chatcmpl-6a77a2d47c5695c6eaa59f92,kimi-k3,2026-08-09 05:43:32,default,proj-e626b11c63844e458db1e0f9ec55a330,zhikun,ak-f9w8q5r883w111cpz35i,87408,2436,87040
chatcmpl-6a77a2cf7c5695c6eaa59f8e,kimi-k3,2026-08-09 05:42:43,default,proj-e626b11c63844e458db1e0f9ec55a330,zhikun,ak-f9w8q5r883w111cpz35i,87127,135,77568
chatcmpl-6a77a2007c5695c6eaa59f25,kimi-k3,2026-08-09 05:42:38,default,proj-e626b11c63844e458db1e0f9ec55a330,zhikun,ak-f9w8q5r883w111cpz35i,77567,9387,69376
chatcmpl-6a77a1fb7c5695c6eaa59f20,kimi-k3,2026-08-09 05:39:11,default,proj-e626b11c63844e458db1e0f9ec55a330,zhikun,ak-f9w8q5r883w111cpz35i,69514,126,63488
chatcmpl-6a77a1f87c5695c6eaa59f1c,kimi-k3,2026-08-09 05:39:06,default,proj-e626b11c63844e458db1e0f9ec55a330,zhikun,ak-f9w8q5r883w111cpz35i,63594,66,56832
chatcmpl-6a77a1f47c5695c6eaa59f1a,kimi-k3,2026-08-09 05:39:03,default,proj-e626b11c63844e458db1e0f9ec55a330,zhikun,ak-f9w8q5r883w111cpz35i,56830,91,40960
chatcmpl-6a77a1f07c5695c6eaa59f16,kimi-k3,2026-08-09 05:38:59,default,proj-e626b11c63844e458db1e0f9ec55a330,zhikun,ak-f9w8q5r883w111cpz35i,40974,106,30464
chatcmpl-6a77a1eb7c5695c6eaa59f13,kimi-k3,2026-08-09 05:38:55,default,proj-e626b11c63844e458db1e0f9ec55a330,zhikun,ak-f9w8q5r883w111cpz35i,30679,119,18688
chatcmpl-6a77a1e77c5695c6eaa59f10,kimi-k3,2026-08-09 05:38:51,default,proj-e626b11c63844e458db1e0f9ec55a330,zhikun,ak-f9w8q5r883w111cpz35i,18903,141,14592
chatcmpl-6a77a1e27c5695c6eaa59f0d,kimi-k3,2026-08-09 05:38:47,default,proj-e626b11c63844e458db1e0f9ec55a330,zhikun,ak-f9w8q5r883w111cpz35i,14728,199,0
chatcmpl-6a77a1bff051a4bda8a0bc5e,kimi-k3,2026-08-09 05:38:41,default,proj-e626b11c63844e458db1e0f9ec55a330,zhikun,ak-f9w8q5r883w111cpz35i,78353,1393,77312
chatcmpl-6a77a1aecfe918a3109303a7,kimi-k3,2026-08-09 05:38:04,default,proj-e626b11c63844e458db1e0f9ec55a330,zhikun,ak-f9w8q5r883w111cpz35i,78997,653,77312
chatcmpl-6a77a1a8f3154d657bce7600,kimi-k3,2026-08-09 05:37:47,default,proj-e626b11c63844e458db1e0f9ec55a330,zhikun,ak-f9w8q5r883w111cpz35i,77404,96,77056
chatcmpl-6a77a1a1cfe918a31093039c,kimi-k3,2026-08-09 05:37:41,default,proj-e626b11c63844e458db1e0f9ec55a330,zhikun,ak-f9w8q5r883w111cpz35i,77183,136,76800
chatcmpl-6a77a19bcfe918a310930399,kimi-k3,2026-08-09 05:37:35,default,proj-e626b11c63844e458db1e0f9ec55a330,zhikun,ak-f9w8q5r883w111cpz35i,76995,131,72704
chatcmpl-6a77a18fcfe918a310930390,kimi-k3,2026-08-09 05:37:22,default,proj-e626b11c63844e458db1e0f9ec55a330,zhikun,ak-f9w8q5r883w111cpz35i,76921,51,76288
chatcmpl-6a77a187cfe918a310930389,kimi-k3,2026-08-09 05:37:18,default,proj-e626b11c63844e458db1e0f9ec55a330,zhikun,ak-f9w8q5r883w111cpz35i,76519,343,75776
chatcmpl-6a77a17dcfe918a31093037f,kimi-k3,2026-08-09 05:37:10,default,proj-e626b11c63844e458db1e0f9ec55a330,zhikun,ak-f9w8q5r883w111cpz35i,75945,339,75520
chatcmpl-6a77a177cfe918a31093037b,kimi-k3,2026-08-09 05:37:00,default,proj-e626b11c63844e458db1e0f9ec55a330,zhikun,ak-f9w8q5r883w111cpz35i,75729,154,75520
chatcmpl-6a77a16bf3154d657bce75d8,kimi-k3,2026-08-09 05:36:45,default,proj-e626b11c63844e458db1e0f9ec55a330,zhikun,ak-f9w8q5r883w111cpz35i,75644,51,75264
chatcmpl-6a77a164f3154d657bce75d3,kimi-k3,2026-08-09 05:36:41,default,proj-e626b11c63844e458db1e0f9ec55a330,zhikun,ak-f9w8q5r883w111cpz35i,75379,216,74752
chatcmpl-6a77a153cfe918a31093035c,kimi-k3,2026-08-09 05:36:25,default,proj-e626b11c63844e458db1e0f9ec55a330,zhikun,ak-f9w8q5r883w111cpz35i,76391,206,74752
chatcmpl-6a77a14dcfe918a310930355,kimi-k3,2026-08-09 05:36:16,default,proj-e626b11c63844e458db1e0f9ec55a330,zhikun,ak-f9w8q5r883w111cpz35i,74800,96,74496
chatcmpl-6a77a145cfe918a310930351,kimi-k3,2026-08-09 05:36:11,default,proj-e626b11c63844e458db1e0f9ec55a330,zhikun,ak-f9w8q5r883w111cpz35i,74546,169,73984
chatcmpl-6a77a13ecfe918a31093034c,kimi-k3,2026-08-09 05:36:04,default,proj-e626b11c63844e458db1e0f9ec55a330,zhikun,ak-f9w8q5r883w111cpz35i,74229,239,73984
chatcmpl-6a77a137f3154d657bce75b0,kimi-k3,2026-08-09 05:35:56,default,proj-e626b11c63844e458db1e0f9ec55a330,zhikun,ak-f9w8q5r883w111cpz35i,74028,157,73728
chatcmpl-6a77a12ef3154d657bce75ab,kimi-k3,2026-08-09 05:35:45,default,proj-e626b11c63844e458db1e0f9ec55a330,zhikun,ak-f9w8q5r883w111cpz35i,73752,109,73216
chatcmpl-6a77a126f3154d657bce75a4,kimi-k3,2026-08-09 05:35:39,default,proj-e626b11c63844e458db1e0f9ec55a330,zhikun,ak-f9w8q5r883w111cpz35i,74910,139,73216
chatcmpl-6a77a120cfe918a310930338,kimi-k3,2026-08-09 05:35:31,default,proj-e626b11c63844e458db1e0f9ec55a330,zhikun,ak-f9w8q5r883w111cpz35i,73315,96,72960
chatcmpl-6a77a11af3154d657bce759d,kimi-k3,2026-08-09 05:35:26,default,proj-e626b11c63844e458db1e0f9ec55a330,zhikun,ak-f9w8q5r883w111cpz35i,73141,89,72704
chatcmpl-6a77a10ccfe918a310930328,kimi-k3,2026-08-09 05:35:16,default,proj-e626b11c63844e458db1e0f9ec55a330,zhikun,ak-f9w8q5r883w111cpz35i,72772,321,70144
chatcmpl-6a77a0f669fd541d3c51d474,kimi-k3,2026-08-09 05:35:06,default,proj-e626b11c63844e458db1e0f9ec55a330,zhikun,ak-f9w8q5r883w111cpz35i,145197,974,137728
chatcmpl-6a77a0f16373421ba9f236da,kimi-k3,2026-08-09 05:34:45,default,proj-e626b11c63844e458db1e0f9ec55a330,zhikun,ak-f9w8q5r883w111cpz35i,144863,154,144640
chatcmpl-6a77a07469fd541d3c51d3e6,kimi-k3,2026-08-09 05:32:39,default,proj-e626b11c63844e458db1e0f9ec55a330,zhikun,ak-f9w8q5r883w111cpz35i,144778,51,144384
chatcmpl-6a77a06d6373421ba9f2362b,kimi-k3,2026-08-09 05:32:35,default,proj-e626b11c63844e458db1e0f9ec55a330,zhikun,ak-f9w8q5r883w111cpz35i,144441,168,143616
chatcmpl-6a77a05d6373421ba9f23616,kimi-k3,2026-08-09 05:32:25,default,proj-e626b11c63844e458db1e0f9ec55a330,zhikun,ak-f9w8q5r883w111cpz35i,143858,524,136704
chatcmpl-6a77a0586373421ba9f2360f,kimi-k3,2026-08-09 05:32:12,default,proj-e626b11c63844e458db1e0f9ec55a330,zhikun,ak-f9w8q5r883w111cpz35i,143549,161,143104
chatcmpl-6a77a05269fd541d3c51d3c3,kimi-k3,2026-08-09 05:32:06,default,proj-e626b11c63844e458db1e0f9ec55a330,zhikun,ak-f9w8q5r883w111cpz35i,143238,173,142848
chatcmpl-6a77a0476373421ba9f235f9,kimi-k3,2026-08-09 05:31:57,default,proj-e626b11c63844e458db1e0f9ec55a330,zhikun,ak-f9w8q5r883w111cpz35i,142997,189,142592
chatcmpl-6a77a0436373421ba9f235f1,kimi-k3,2026-08-09 05:31:50,default,proj-e626b11c63844e458db1e0f9ec55a330,zhikun,ak-f9w8q5r883w111cpz35i,142729,115,142592
chatcmpl-6a77a03a69fd541d3c51d3a9,kimi-k3,2026-08-09 05:31:41,default,proj-e626b11c63844e458db1e0f9ec55a330,zhikun,ak-f9w8q5r883w111cpz35i,142644,51,142080
chatcmpl-6a77a0336373421ba9f235e4,kimi-k3,2026-08-09 05:31:37,default,proj-e626b11c63844e458db1e0f9ec55a330,zhikun,ak-f9w8q5r883w111cpz35i,142230,260,140544
chatcmpl-6a77a01669fd541d3c51d386,kimi-k3,2026-08-09 05:31:29,default,proj-e626b11c63844e458db1e0f9ec55a330,zhikun,ak-f9w8q5r883w111cpz35i,140716,1323,140288
chatcmpl-6a77a01369fd541d3c51d382,kimi-k3,2026-08-09 05:31:01,default,proj-e626b11c63844e458db1e0f9ec55a330,zhikun,ak-f9w8q5r883w111cpz35i,140504,80,140288
chatcmpl-6a77a00d69fd541d3c51d37d,kimi-k3,2026-08-09 05:30:57,default,proj-e626b11c63844e458db1e0f9ec55a330,zhikun,ak-f9w8q5r883w111cpz35i,140312,123,139776
chatcmpl-6a77a0076373421ba9f235aa,kimi-k3,2026-08-09 05:30:50,default,proj-e626b11c63844e458db1e0f9ec55a330,zhikun,ak-f9w8q5r883w111cpz35i,140027,126,138752
chatcmpl-6a779ff26373421ba9f2358f,kimi-k3,2026-08-09 05:30:43,default,proj-e626b11c63844e458db1e0f9ec55a330,zhikun,ak-f9w8q5r883w111cpz35i,140556,746,138752
chatcmpl-6a779fed6373421ba9f23587,kimi-k3,2026-08-09 05:30:24,default,proj-e626b11c63844e458db1e0f9ec55a330,zhikun,ak-f9w8q5r883w111cpz35i,138995,80,138752
chatcmpl-6a779fe869fd541d3c51d35f,kimi-k3,2026-08-09 05:30:19,default,proj-e626b11c63844e458db1e0f9ec55a330,zhikun,ak-f9w8q5r883w111cpz35i,138873,53,138240
chatcmpl-6a779fdd6373421ba9f2356e,kimi-k3,2026-08-09 05:30:14,default,proj-e626b11c63844e458db1e0f9ec55a330,zhikun,ak-f9w8q5r883w111cpz35i,138293,442,136448
chatcmpl-6a779fbf6373421ba9f2354f,kimi-k3,2026-08-09 05:30:03,default,proj-e626b11c63844e458db1e0f9ec55a330,zhikun,ak-f9w8q5r883w111cpz35i,138095,1382,136448
chatcmpl-6a779fb969fd541d3c51d328,kimi-k3,2026-08-09 05:29:32,default,proj-e626b11c63844e458db1e0f9ec55a330,zhikun,ak-f9w8q5r883w111cpz35i,136537,80,136192
chatcmpl-6a779fb56373421ba9f23542,kimi-k3,2026-08-09 05:29:27,default,proj-e626b11c63844e458db1e0f9ec55a330,zhikun,ak-f9w8q5r883w111cpz35i,136415,53,129024
chatcmpl-6a779fb06373421ba9f2353a,kimi-k3,2026-08-09 05:29:23,default,proj-e626b11c63844e458db1e0f9ec55a330,zhikun,ak-f9w8q5r883w111cpz35i,136139,137,135680
chatcmpl-6a779fa969fd541d3c51d317,kimi-k3,2026-08-09 05:29:16,default,proj-e626b11c63844e458db1e0f9ec55a330,zhikun,ak-f9w8q5r883w111cpz35i,135845,143,125440
chatcmpl-6a779f9e69fd541d3c51d30b,kimi-k3,2026-08-09 05:29:08,default,proj-e626b11c63844e458db1e0f9ec55a330,zhikun,ak-f9w8q5r883w111cpz35i,135529,258,134400
chatcmpl-6a779f936373421ba9f23512,kimi-k3,2026-08-09 05:29:01,default,proj-e626b11c63844e458db1e0f9ec55a330,zhikun,ak-f9w8q5r883w111cpz35i,136199,518,134400
chatcmpl-6a779f8d69fd541d3c51d2f5,kimi-k3,2026-08-09 05:28:49,default,proj-e626b11c63844e458db1e0f9ec55a330,zhikun,ak-f9w8q5r883w111cpz35i,134639,80,134400
chatcmpl-6a779f886373421ba9f23502,kimi-k3,2026-08-09 05:28:43,default,proj-e626b11c63844e458db1e0f9ec55a330,zhikun,ak-f9w8q5r883w111cpz35i,134517,53,134144
chatcmpl-6a779f8369fd541d3c51d2e8,kimi-k3,2026-08-09 05:28:39,default,proj-e626b11c63844e458db1e0f9ec55a330,zhikun,ak-f9w8q5r883w111cpz35i,134201,140,133888
chatcmpl-6a779f796373421ba9f234ec,kimi-k3,2026-08-09 05:28:29,default,proj-e626b11c63844e458db1e0f9ec55a330,zhikun,ak-f9w8q5r883w111cpz35i,134007,160,133632
chatcmpl-6a779f6d6373421ba9f234db,kimi-k3,2026-08-09 05:28:17,default,proj-e626b11c63844e458db1e0f9ec55a330,zhikun,ak-f9w8q5r883w111cpz35i,133677,157,133120
chatcmpl-6a779f6269fd541d3c51d2c5,kimi-k3,2026-08-09 05:28:09,default,proj-e626b11c63844e458db1e0f9ec55a330,zhikun,ak-f9w8q5r883w111cpz35i,133305,313,132864
chatcmpl-6a779f5d69fd541d3c51d2c1,kimi-k3,2026-08-09 05:28:01,default,proj-e626b11c63844e458db1e0f9ec55a330,zhikun,ak-f9w8q5r883w111cpz35i,132948,170,122880
chatcmpl-6a779f5269fd541d3c51d2b5,kimi-k3,2026-08-09 05:27:56,default,proj-e626b11c63844e458db1e0f9ec55a330,zhikun,ak-f9w8q5r883w111cpz35i,132435,355,131840
chatcmpl-6a779f4869fd541d3c51d2a9,kimi-k3,2026-08-09 05:27:44,default,proj-e626b11c63844e458db1e0f9ec55a330,zhikun,ak-f9w8q5r883w111cpz35i,131870,411,131072
chatcmpl-6a779f4069fd541d3c51d29f,kimi-k3,2026-08-09 05:27:35,default,proj-e626b11c63844e458db1e0f9ec55a330,zhikun,ak-f9w8q5r883w111cpz35i,131300,389,130816
chatcmpl-6a779f336373421ba9f23489,kimi-k3,2026-08-09 05:27:23,default,proj-e626b11c63844e458db1e0f9ec55a330,zhikun,ak-f9w8q5r883w111cpz35i,130829,419,129536
chatcmpl-6a779f1f69fd541d3c51d274,kimi-k3,2026-08-09 05:27:13,default,proj-e626b11c63844e458db1e0f9ec55a330,zhikun,ak-f9w8q5r883w111cpz35i,129679,978,127744
chatcmpl-6a779f056373421ba9f23441,kimi-k3,2026-08-09 05:26:54,default,proj-e626b11c63844e458db1e0f9ec55a330,zhikun,ak-f9w8q5r883w111cpz35i,129495,1342,127744
chatcmpl-6a779f0069fd541d3c51d245,kimi-k3,2026-08-09 05:26:26,default,proj-e626b11c63844e458db1e0f9ec55a330,zhikun,ak-f9w8q5r883w111cpz35i,127933,80,127744
chatcmpl-6a779efb6373421ba9f23435,kimi-k3,2026-08-09 05:26:22,default,proj-e626b11c63844e458db1e0f9ec55a330,zhikun,ak-f9w8q5r883w111cpz35i,127811,53,126976
chatcmpl-6a779eee69fd541d3c51d230,kimi-k3,2026-08-09 05:26:16,default,proj-e626b11c63844e458db1e0f9ec55a330,zhikun,ak-f9w8q5r883w111cpz35i,127160,467,126720
chatcmpl-6a779ee869fd541d3c51d227,kimi-k3,2026-08-09 05:26:05,default,proj-e626b11c63844e458db1e0f9ec55a330,zhikun,ak-f9w8q5r883w111cpz35i,126798,174,126464
chatcmpl-6a779ed06373421ba9f23402,kimi-k3,2026-08-09 05:25:39,default,proj-e626b11c63844e458db1e0f9ec55a330,zhikun,ak-f9w8q5r883w111cpz35i,126713,51,111872
chatcmpl-6a779eca69fd541d3c51d211,kimi-k3,2026-08-09 05:25:32,default,proj-e626b11c63844e458db1e0f9ec55a330,zhikun,ak-f9w8q5r883w111cpz35i,126574,85,125696
chatcmpl-6a779ebf69fd541d3c51d202,kimi-k3,2026-08-09 05:25:29,default,proj-e626b11c63844e458db1e0f9ec55a330,zhikun,ak-f9w8q5r883w111cpz35i,125911,586,125696
chatcmpl-6a779eba69fd541d3c51d1fc,kimi-k3,2026-08-09 05:25:17,default,proj-e626b11c63844e458db1e0f9ec55a330,zhikun,ak-f9w8q5r883w111cpz35i,125756,85,125440
chatcmpl-6a779eb269fd541d3c51d1f1,kimi-k3,2026-08-09 05:25:13,default,proj-e626b11c63844e458db1e0f9ec55a330,zhikun,ak-f9w8q5r883w111cpz35i,125466,258,124928
chatcmpl-6a779eab69fd541d3c51d1ea,kimi-k3,2026-08-09 05:25:05,default,proj-e626b11c63844e458db1e0f9ec55a330,zhikun,ak-f9w8q5r883w111cpz35i,125168,222,124416
chatcmpl-6a779ea36373421ba9f233c3,kimi-k3,2026-08-09 05:24:58,default,proj-e626b11c63844e458db1e0f9ec55a330,zhikun,ak-f9w8q5r883w111cpz35i,126067,379,124416
chatcmpl-6a779e9e6373421ba9f233bd,kimi-k3,2026-08-09 05:24:48,default,proj-e626b11c63844e458db1e0f9ec55a330,zhikun,ak-f9w8q5r883w111cpz35i,124503,80,124160
chatcmpl-6a779e9a6373421ba9f233b5,kimi-k3,2026-08-09 05:24:44,default,proj-e626b11c63844e458db1e0f9ec55a330,zhikun,ak-f9w8q5r883w111cpz35i,124381,53,124160
chatcmpl-6a779e9569fd541d3c51d1d8,kimi-k3,2026-08-09 05:24:41,default,proj-e626b11c63844e458db1e0f9ec55a330,zhikun,ak-f9w8q5r883w111cpz35i,124208,118,123904
chatcmpl-6a779e9169fd541d3c51d1d2,kimi-k3,2026-08-09 05:24:36,default,proj-e626b11c63844e458db1e0f9ec55a330,zhikun,ak-f9w8q5r883w111cpz35i,124032,127,123648
chatcmpl-6a779e8c69fd541d3c51d1ce,kimi-k3,2026-08-09 05:24:31,default,proj-e626b11c63844e458db1e0f9ec55a330,zhikun,ak-f9w8q5r883w111cpz35i,123784,146,114944
chatcmpl-6a779e816373421ba9f23391,kimi-k3,2026-08-09 05:24:26,default,proj-e626b11c63844e458db1e0f9ec55a330,zhikun,ak-f9w8q5r883w111cpz35i,124684,403,111872
chatcmpl-6a779e7969fd541d3c51d1c0,kimi-k3,2026-08-09 05:24:15,default,proj-e626b11c63844e458db1e0f9ec55a330,zhikun,ak-f9w8q5r883w111cpz35i,123125,80,0
chatcmpl-6a779e766373421ba9f2337d,kimi-k3,2026-08-09 05:24:08,default,proj-e626b11c63844e458db1e0f9ec55a330,zhikun,ak-f9w8q5r883w111cpz35i,123004,53,122624
chatcmpl-6a779e626373421ba9f2335f,kimi-k3,2026-08-09 05:23:50,default,proj-e626b11c63844e458db1e0f9ec55a330,zhikun,ak-f9w8q5r883w111cpz35i,122836,134,122368
chatcmpl-6a779e5d6373421ba9f23355,kimi-k3,2026-08-09 05:23:45,default,proj-e626b11c63844e458db1e0f9ec55a330,zhikun,ak-f9w8q5r883w111cpz35i,122571,185,122368
chatcmpl-6a779e57b1b9f59e66e7b59e,kimi-k3,2026-08-09 05:23:37,default,proj-e626b11c63844e458db1e0f9ec55a330,zhikun,ak-f9w8q5r883w111cpz35i,122454,68,121600
chatcmpl-6a779e4d6373421ba9f2333f,kimi-k3,2026-08-09 05:23:33,default,proj-e626b11c63844e458db1e0f9ec55a330,zhikun,ak-f9w8q5r883w111cpz35i,123351,381,121600
chatcmpl-6a779e486373421ba9f23337,kimi-k3,2026-08-09 05:23:22,default,proj-e626b11c63844e458db1e0f9ec55a330,zhikun,ak-f9w8q5r883w111cpz35i,121786,80,121600
chatcmpl-6a779e43b1b9f59e66e7b581,kimi-k3,2026-08-09 05:23:18,default,proj-e626b11c63844e458db1e0f9ec55a330,zhikun,ak-f9w8q5r883w111cpz35i,121613,104,121344
chatcmpl-6a779e3e6373421ba9f23329,kimi-k3,2026-08-09 05:23:14,default,proj-e626b11c63844e458db1e0f9ec55a330,zhikun,ak-f9w8q5r883w111cpz35i,121420,120,121088
chatcmpl-6a779e386373421ba9f2331a,kimi-k3,2026-08-09 05:23:07,default,proj-e626b11c63844e458db1e0f9ec55a330,zhikun,ak-f9w8q5r883w111cpz35i,121298,74,121088
chatcmpl-6a779e336373421ba9f23312,kimi-k3,2026-08-09 05:23:03,default,proj-e626b11c63844e458db1e0f9ec55a330,zhikun,ak-f9w8q5r883w111cpz35i,121098,166,120320
chatcmpl-6a779e26b1b9f59e66e7b54f,kimi-k3,2026-08-09 05:22:58,default,proj-e626b11c63844e458db1e0f9ec55a330,zhikun,ak-f9w8q5r883w111cpz35i,120539,517,118528
chatcmpl-6a779e0cb1b9f59e66e7b524,kimi-k3,2026-08-09 05:22:45,default,proj-e626b11c63844e458db1e0f9ec55a330,zhikun,ak-f9w8q5r883w111cpz35i,118758,1739,118016
chatcmpl-6a779e01b1b9f59e66e7b513,kimi-k3,2026-08-09 05:22:19,default,proj-e626b11c63844e458db1e0f9ec55a330,zhikun,ak-f9w8q5r883w111cpz35i,118231,484,114944
chatcmpl-6a779dd2b1b9f59e66e7b4c5,kimi-k3,2026-08-09 05:22:07,default,proj-e626b11c63844e458db1e0f9ec55a330,zhikun,ak-f9w8q5r883w111cpz35i,115130,3060,111360
chatcmpl-6a779da0b1b9f59e66e7b466,kimi-k3,2026-08-09 05:21:22,default,proj-e626b11c63844e458db1e0f9ec55a330,zhikun,ak-f9w8q5r883w111cpz35i,111586,3469,111104
chatcmpl-6a779d98b1b9f59e66e7b458,kimi-k3,2026-08-09 05:20:31,default,proj-e626b11c63844e458db1e0f9ec55a330,zhikun,ak-f9w8q5r883w111cpz35i,111217,326,105472
chatcmpl-6a779d44b1b9f59e66e7b3c8,kimi-k3,2026-08-09 05:20:23,default,proj-e626b11c63844e458db1e0f9ec55a330,zhikun,ak-f9w8q5r883w111cpz35i,105676,5498,102144
chatcmpl-6a779d08b1b9f59e66e7b369,kimi-k3,2026-08-09 05:18:59,default,proj-e626b11c63844e458db1e0f9ec55a330,zhikun,ak-f9w8q5r883w111cpz35i,102306,3292,99584
chatcmpl-6a779cdfb1b9f59e66e7b32d,kimi-k3,2026-08-09 05:17:59,default,proj-e626b11c63844e458db1e0f9ec55a330,zhikun,ak-f9w8q5r883w111cpz35i,99624,2638,98304
chatcmpl-6a779cceb1b9f59e66e7b30f,kimi-k3,2026-08-09 05:17:18,default,proj-e626b11c63844e458db1e0f9ec55a330,zhikun,ak-f9w8q5r883w111cpz35i,98556,1024,97792
chatcmpl-6a779cbef9479b4e850907c9,kimi-k3,2026-08-09 05:17:01,default,proj-e626b11c63844e458db1e0f9ec55a330,zhikun,ak-f9w8q5r883w111cpz35i,97837,675,0
chatcmpl-6a779c2da209f5a14a0265d3,kimi-k3,2026-08-09 05:16:46,default,proj-e626b11c63844e458db1e0f9ec55a330,zhikun,ak-f9w8q5r883w111cpz35i,88536,9255,87040
chatcmpl-6a779c17a209f5a14a0265b1,kimi-k3,2026-08-09 05:14:20,default,proj-e626b11c63844e458db1e0f9ec55a330,zhikun,ak-f9w8q5r883w111cpz35i,87154,1338,86016
chatcmpl-6a779c08f9479b4e850906f4,kimi-k3,2026-08-09 05:13:58,default,proj-e626b11c63844e458db1e0f9ec55a330,zhikun,ak-f9w8q5r883w111cpz35i,86157,881,85504
chatcmpl-6a779bfff9479b4e850906e6,kimi-k3,2026-08-09 05:13:44,default,proj-e626b11c63844e458db1e0f9ec55a330,zhikun,ak-f9w8q5r883w111cpz35i,85557,521,84480
chatcmpl-6a779bf1f9479b4e850906ce,kimi-k3,2026-08-09 05:13:34,default,proj-e626b11c63844e458db1e0f9ec55a330,zhikun,ak-f9w8q5r883w111cpz35i,84600,878,83456
chatcmpl-6a779be4f9479b4e850906b9,kimi-k3,2026-08-09 05:13:20,default,proj-e626b11c63844e458db1e0f9ec55a330,zhikun,ak-f9w8q5r883w111cpz35i,83688,797,82944
chatcmpl-6a779bd9f9479b4e850906ac,kimi-k3,2026-08-09 05:13:07,default,proj-e626b11c63844e458db1e0f9ec55a330,zhikun,ak-f9w8q5r883w111cpz35i,83034,575,82688
chatcmpl-6a779bd3f9479b4e850906a5,kimi-k3,2026-08-09 05:12:56,default,proj-e626b11c63844e458db1e0f9ec55a330,zhikun,ak-f9w8q5r883w111cpz35i,82707,285,82176
chatcmpl-6a779bcaf9479b4e8509069c,kimi-k3,2026-08-09 05:12:50,default,proj-e626b11c63844e458db1e0f9ec55a330,zhikun,ak-f9w8q5r883w111cpz35i,82199,465,79616
chatcmpl-6a779ba5f9479b4e8509066e,kimi-k3,2026-08-09 05:12:41,default,proj-e626b11c63844e458db1e0f9ec55a330,zhikun,ak-f9w8q5r883w111cpz35i,79762,2394,78848
chatcmpl-6a779b9ad9dd50bdec41fa8d,kimi-k3,2026-08-09 05:12:04,default,proj-e626b11c63844e458db1e0f9ec55a330,zhikun,ak-f9w8q5r883w111cpz35i,78920,608,68096
chatcmpl-6a779aced9dd50bdec41f9af,kimi-k3,2026-08-09 05:11:53,default,proj-e626b11c63844e458db1e0f9ec55a330,zhikun,ak-f9w8q5r883w111cpz35i,68279,10189,67840
chatcmpl-6a779ac9d9dd50bdec41f9aa,kimi-k3,2026-08-09 05:08:29,default,proj-e626b11c63844e458db1e0f9ec55a330,zhikun,ak-f9w8q5r883w111cpz35i,67992,166,64256
chatcmpl-6a779ab1d9dd50bdec41f990,kimi-k3,2026-08-09 05:08:24,default,proj-e626b11c63844e458db1e0f9ec55a330,zhikun,ak-f9w8q5r883w111cpz35i,64256,1169,58368
chatcmpl-6a779aaed9dd50bdec41f98d,kimi-k3,2026-08-09 05:08:00,default,proj-e626b11c63844e458db1e0f9ec55a330,zhikun,ak-f9w8q5r883w111cpz35i,58374,109,51712
chatcmpl-6a779aaad9dd50bdec41f988,kimi-k3,2026-08-09 05:07:57,default,proj-e626b11c63844e458db1e0f9ec55a330,zhikun,ak-f9w8q5r883w111cpz35i,51742,121,41984
chatcmpl-6a779aa5d9dd50bdec41f983,kimi-k3,2026-08-09 05:07:53,default,proj-e626b11c63844e458db1e0f9ec55a330,zhikun,ak-f9w8q5r883w111cpz35i,42037,143,26880
chatcmpl-6a779aa3d9dd50bdec41f97f,kimi-k3,2026-08-09 05:07:49,default,proj-e626b11c63844e458db1e0f9ec55a330,zhikun,ak-f9w8q5r883w111cpz35i,26987,65,24064
chatcmpl-6a779a9f94ef226a00d482e3,kimi-k3,2026-08-09 05:07:46,default,proj-e626b11c63844e458db1e0f9ec55a330,zhikun,ak-f9w8q5r883w111cpz35i,24277,151,19968
chatcmpl-6a779a9a94ef226a00d482e0,kimi-k3,2026-08-09 05:07:42,default,proj-e626b11c63844e458db1e0f9ec55a330,zhikun,ak-f9w8q5r883w111cpz35i,20073,173,15872
chatcmpl-6a779a9594ef226a00d482db,kimi-k3,2026-08-09 05:07:38,default,proj-e626b11c63844e458db1e0f9ec55a330,zhikun,ak-f9w8q5r883w111cpz35i,15878,199,0
chatcmpl-6a779a5af3154d657bce7043,kimi-k3,2026-08-09 05:07:33,default,proj-e626b11c63844e458db1e0f9ec55a330,zhikun,ak-f9w8q5r883w111cpz35i,70201,2411,66304
chatcmpl-6a779a409545cef4b1a5407c,kimi-k3,2026-08-09 05:06:33,default,proj-e626b11c63844e458db1e0f9ec55a330,zhikun,ak-f9w8q5r883w111cpz35i,133268,1337,132096
chatcmpl-6a779a389545cef4b1a54071,kimi-k3,2026-08-09 05:06:06,default,proj-e626b11c63844e458db1e0f9ec55a330,zhikun,ak-f9w8q5r883w111cpz35i,132097,274,131840
chatcmpl-6a779a350461d893a8a0b6ca,kimi-k3,2026-08-09 05:05:59,default,proj-e626b11c63844e458db1e0f9ec55a330,zhikun,ak-f9w8q5r883w111cpz35i,132012,53,131072
chatcmpl-6a779a269545cef4b1a5405e,kimi-k3,2026-08-09 05:05:54,default,proj-e626b11c63844e458db1e0f9ec55a330,zhikun,ak-f9w8q5r883w111cpz35i,131257,644,130816
chatcmpl-6a779a229545cef4b1a5405a,kimi-k3,2026-08-09 05:05:41,default,proj-e626b11c63844e458db1e0f9ec55a330,zhikun,ak-f9w8q5r883w111cpz35i,131044,83,130816
chatcmpl-6a779a1e0461d893a8a0b6b1,kimi-k3,2026-08-09 05:05:36,default,proj-e626b11c63844e458db1e0f9ec55a330,zhikun,ak-f9w8q5r883w111cpz35i,130919,53,130304
chatcmpl-6a779a149545cef4b1a5404b,kimi-k3,2026-08-09 05:05:32,default,proj-e626b11c63844e458db1e0f9ec55a330,zhikun,ak-f9w8q5r883w111cpz35i,130438,410,129280
chatcmpl-6a779a090461d893a8a0b69b,kimi-k3,2026-08-09 05:05:22,default,proj-e626b11c63844e458db1e0f9ec55a330,zhikun,ak-f9w8q5r883w111cpz35i,129520,483,129024
chatcmpl-6a7799ff9545cef4b1a54031,kimi-k3,2026-08-09 05:05:09,default,proj-e626b11c63844e458db1e0f9ec55a330,zhikun,ak-f9w8q5r883w111cpz35i,129199,266,128512
chatcmpl-6a7799f49545cef4b1a54024,kimi-k3,2026-08-09 05:04:57,default,proj-e626b11c63844e458db1e0f9ec55a330,zhikun,ak-f9w8q5r883w111cpz35i,128756,268,128000
chatcmpl-6a7799e20461d893a8a0b673,kimi-k3,2026-08-09 05:04:47,default,proj-e626b11c63844e458db1e0f9ec55a330,zhikun,ak-f9w8q5r883w111cpz35i,128089,608,127488
chatcmpl-6a7799cf0461d893a8a0b663,kimi-k3,2026-08-09 05:04:21,default,proj-e626b11c63844e458db1e0f9ec55a330,zhikun,ak-f9w8q5r883w111cpz35i,127620,268,126720
chatcmpl-6a7799bc0461d893a8a0b64d,kimi-k3,2026-08-09 05:04:11,default,proj-e626b11c63844e458db1e0f9ec55a330,zhikun,ak-f9w8q5r883w111cpz35i,126952,609,91392
chatcmpl-6a7799ab0461d893a8a0b63a,kimi-k3,2026-08-09 05:03:43,default,proj-e626b11c63844e458db1e0f9ec55a330,zhikun,ak-f9w8q5r883w111cpz35i,126136,252,125696
chatcmpl-6a77999e0461d893a8a0b62c,kimi-k3,2026-08-09 05:03:34,default,proj-e626b11c63844e458db1e0f9ec55a330,zhikun,ak-f9w8q5r883w111cpz35i,125762,315,124672
chatcmpl-6a7799860461d893a8a0b616,kimi-k3,2026-08-09 05:03:07,default,proj-e626b11c63844e458db1e0f9ec55a330,zhikun,ak-f9w8q5r883w111cpz35i,124753,252,124416
chatcmpl-6a77997b0461d893a8a0b609,kimi-k3,2026-08-09 05:02:58,default,proj-e626b11c63844e458db1e0f9ec55a330,zhikun,ak-f9w8q5r883w111cpz35i,124415,279,120320
chatcmpl-6a77992b0461d893a8a0b5b2,kimi-k3,2026-08-09 05:02:50,default,proj-e626b11c63844e458db1e0f9ec55a330,zhikun,ak-f9w8q5r883w111cpz35i,120347,4024,115712
chatcmpl-6a7798da9545cef4b1a53f20,kimi-k3,2026-08-09 05:01:29,default,proj-e626b11c63844e458db1e0f9ec55a330,zhikun,ak-f9w8q5r883w111cpz35i,115715,3619,114432
chatcmpl-6a7798ba0461d893a8a0b53b,kimi-k3,2026-08-09 04:59:43,default,proj-e626b11c63844e458db1e0f9ec55a330,zhikun,ak-f9w8q5r883w111cpz35i,114478,245,114176
chatcmpl-6a7798b39545cef4b1a53ef6,kimi-k3,2026-08-09 04:59:33,default,proj-e626b11c63844e458db1e0f9ec55a330,zhikun,ak-f9w8q5r883w111cpz35i,114334,85,113920
chatcmpl-6a7798ad9545cef4b1a53eee,kimi-k3,2026-08-09 04:59:30,default,proj-e626b11c63844e458db1e0f9ec55a330,zhikun,ak-f9w8q5r883w111cpz35i,114096,196,113664
chatcmpl-6a7798a69545cef4b1a53eea,kimi-k3,2026-08-09 04:59:23,default,proj-e626b11c63844e458db1e0f9ec55a330,zhikun,ak-f9w8q5r883w111cpz35i,113816,236,110080
chatcmpl-6a77985b0461d893a8a0b4ec,kimi-k3,2026-08-09 04:59:17,default,proj-e626b11c63844e458db1e0f9ec55a330,zhikun,ak-f9w8q5r883w111cpz35i,110261,3512,108800
chatcmpl-6a7798420461d893a8a0b4d9,kimi-k3,2026-08-09 04:57:45,default,proj-e626b11c63844e458db1e0f9ec55a330,zhikun,ak-f9w8q5r883w111cpz35i,108843,363,108288
chatcmpl-6a7798350461d893a8a0b4cb,kimi-k3,2026-08-09 04:57:35,default,proj-e626b11c63844e458db1e0f9ec55a330,zhikun,ak-f9w8q5r883w111cpz35i,108375,409,108032
chatcmpl-6a77981c9545cef4b1a53e44,kimi-k3,2026-08-09 04:57:04,default,proj-e626b11c63844e458db1e0f9ec55a330,zhikun,ak-f9w8q5r883w111cpz35i,108086,183,107776
chatcmpl-6a7798139545cef4b1a53e41,kimi-k3,2026-08-09 04:56:56,default,proj-e626b11c63844e458db1e0f9ec55a330,zhikun,ak-f9w8q5r883w111cpz35i,107829,198,107264
chatcmpl-6a7798089545cef4b1a53e36,kimi-k3,2026-08-09 04:56:50,default,proj-e626b11c63844e458db1e0f9ec55a330,zhikun,ak-f9w8q5r883w111cpz35i,107285,433,107008
chatcmpl-6a7798059545cef4b1a53e31,kimi-k3,2026-08-09 04:56:39,default,proj-e626b11c63844e458db1e0f9ec55a330,zhikun,ak-f9w8q5r883w111cpz35i,107068,83,106752
chatcmpl-6a7798019545cef4b1a53e2c,kimi-k3,2026-08-09 04:56:35,default,proj-e626b11c63844e458db1e0f9ec55a330,zhikun,ak-f9w8q5r883w111cpz35i,106943,53,105728
chatcmpl-6a7797ec9545cef4b1a53e14,kimi-k3,2026-08-09 04:56:32,default,proj-e626b11c63844e458db1e0f9ec55a330,zhikun,ak-f9w8q5r883w111cpz35i,105929,951,105216
chatcmpl-6a7797de0461d893a8a0b466,kimi-k3,2026-08-09 04:56:10,default,proj-e626b11c63844e458db1e0f9ec55a330,zhikun,ak-f9w8q5r883w111cpz35i,105292,564,86272
chatcmpl-6a7797d29545cef4b1a53df9,kimi-k3,2026-08-09 04:55:57,default,proj-e626b11c63844e458db1e0f9ec55a330,zhikun,ak-f9w8q5r883w111cpz35i,104174,575,103936
chatcmpl-6a7797cb9545cef4b1a53df1,kimi-k3,2026-08-09 04:55:42,default,proj-e626b11c63844e458db1e0f9ec55a330,zhikun,ak-f9w8q5r883w111cpz35i,103990,129,103680
chatcmpl-6a7797c79545cef4b1a53dec,kimi-k3,2026-08-09 04:55:38,default,proj-e626b11c63844e458db1e0f9ec55a330,zhikun,ak-f9w8q5r883w111cpz35i,103866,95,101376
chatcmpl-6a7797939545cef4b1a53db7,kimi-k3,2026-08-09 04:55:32,default,proj-e626b11c63844e458db1e0f9ec55a330,zhikun,ak-f9w8q5r883w111cpz35i,101383,2403,100096
chatcmpl-6a77977b0461d893a8a0b3fd,kimi-k3,2026-08-09 04:54:42,default,proj-e626b11c63844e458db1e0f9ec55a330,zhikun,ak-f9w8q5r883w111cpz35i,100198,1062,99072
chatcmpl-6a77976f9545cef4b1a53d8c,kimi-k3,2026-08-09 04:54:18,default,proj-e626b11c63844e458db1e0f9ec55a330,zhikun,ak-f9w8q5r883w111cpz35i,99193,579,98560
chatcmpl-6a7797650461d893a8a0b3e3,kimi-k3,2026-08-09 04:54:05,default,proj-e626b11c63844e458db1e0f9ec55a330,zhikun,ak-f9w8q5r883w111cpz35i,98585,387,98304
chatcmpl-6a77975d9545cef4b1a53d80,kimi-k3,2026-08-09 04:53:53,default,proj-e626b11c63844e458db1e0f9ec55a330,zhikun,ak-f9w8q5r883w111cpz35i,98373,153,96512
chatcmpl-6a7797409545cef4b1a53d55,kimi-k3,2026-08-09 04:53:48,default,proj-e626b11c63844e458db1e0f9ec55a330,zhikun,ak-f9w8q5r883w111cpz35i,96730,1362,96000
chatcmpl-6a7797369545cef4b1a53d47,kimi-k3,2026-08-09 04:53:18,default,proj-e626b11c63844e458db1e0f9ec55a330,zhikun,ak-f9w8q5r883w111cpz35i,96049,413,69376
chatcmpl-6a77972e0461d893a8a0b3a0,kimi-k3,2026-08-09 04:53:06,default,proj-e626b11c63844e458db1e0f9ec55a330,zhikun,ak-f9w8q5r883w111cpz35i,96026,85,95488
chatcmpl-6a7797269545cef4b1a53d33,kimi-k3,2026-08-09 04:53:01,default,proj-e626b11c63844e458db1e0f9ec55a330,zhikun,ak-f9w8q5r883w111cpz35i,95695,299,92160
chatcmpl-6a7797209545cef4b1a53d2b,kimi-k3,2026-08-09 04:52:52,default,proj-e626b11c63844e458db1e0f9ec55a330,zhikun,ak-f9w8q5r883w111cpz35i,92353,185,92160
chatcmpl-6a7797190461d893a8a0b388,kimi-k3,2026-08-09 04:52:44,default,proj-e626b11c63844e458db1e0f9ec55a330,zhikun,ak-f9w8q5r883w111cpz35i,92209,85,91904
chatcmpl-6a7797139545cef4b1a53d1c,kimi-k3,2026-08-09 04:52:39,default,proj-e626b11c63844e458db1e0f9ec55a330,zhikun,ak-f9w8q5r883w111cpz35i,91992,173,91392
chatcmpl-6a7797099545cef4b1a53d11,kimi-k3,2026-08-09 04:52:34,default,proj-e626b11c63844e458db1e0f9ec55a330,zhikun,ak-f9w8q5r883w111cpz35i,91471,477,90880
chatcmpl-6a7797049545cef4b1a53d0c,kimi-k3,2026-08-09 04:52:24,default,proj-e626b11c63844e458db1e0f9ec55a330,zhikun,ak-f9w8q5r883w111cpz35i,91057,188,90368
chatcmpl-6a7796f69545cef4b1a53cfb,kimi-k3,2026-08-09 04:52:17,default,proj-e626b11c63844e458db1e0f9ec55a330,zhikun,ak-f9w8q5r883w111cpz35i,90414,584,89856
chatcmpl-6a7796ed9545cef4b1a53cf0,kimi-k3,2026-08-09 04:52:05,default,proj-e626b11c63844e458db1e0f9ec55a330,zhikun,ak-f9w8q5r883w111cpz35i,89933,437,86272
chatcmpl-6a7796df9545cef4b1a53ce3,kimi-k3,2026-08-09 04:51:56,default,proj-e626b11c63844e458db1e0f9ec55a330,zhikun,ak-f9w8q5r883w111cpz35i,89096,794,69632
chatcmpl-6a7796d89545cef4b1a53cd7,kimi-k3,2026-08-09 04:51:43,default,proj-e626b11c63844e458db1e0f9ec55a330,zhikun,ak-f9w8q5r883w111cpz35i,88843,365,88320
chatcmpl-6a7796d19545cef4b1a53ccb,kimi-k3,2026-08-09 04:51:35,default,proj-e626b11c63844e458db1e0f9ec55a330,zhikun,ak-f9w8q5r883w111cpz35i,88409,391,87808
chatcmpl-6a7796cb9545cef4b1a53cc3,kimi-k3,2026-08-09 04:51:28,default,proj-e626b11c63844e458db1e0f9ec55a330,zhikun,ak-f9w8q5r883w111cpz35i,88049,316,87552
chatcmpl-6a7796c20461d893a8a0b339,kimi-k3,2026-08-09 04:51:21,default,proj-e626b11c63844e458db1e0f9ec55a330,zhikun,ak-f9w8q5r883w111cpz35i,87690,316,87040
chatcmpl-6a7796b90461d893a8a0b32f,kimi-k3,2026-08-09 04:51:13,default,proj-e626b11c63844e458db1e0f9ec55a330,zhikun,ak-f9w8q5r883w111cpz35i,87228,420,80128
chatcmpl-6a77963e0461d893a8a0b2ae,kimi-k3,2026-08-09 04:51:04,default,proj-e626b11c63844e458db1e0f9ec55a330,zhikun,ak-f9w8q5r883w111cpz35i,80343,6843,75520
chatcmpl-6a77960d0461d893a8a0b280,kimi-k3,2026-08-09 04:49:01,default,proj-e626b11c63844e458db1e0f9ec55a330,zhikun,ak-f9w8q5r883w111cpz35i,75770,2611,73472
chatcmpl-6a7795e69545cef4b1a53bab,kimi-k3,2026-08-09 04:48:11,default,proj-e626b11c63844e458db1e0f9ec55a330,zhikun,ak-f9w8q5r883w111cpz35i,73618,1873,72448
chatcmpl-6a7795d79545cef4b1a53b9e,kimi-k3,2026-08-09 04:47:33,default,proj-e626b11c63844e458db1e0f9ec55a330,zhikun,ak-f9w8q5r883w111cpz35i,72526,794,71936
chatcmpl-6a7795cd9545cef4b1a53b92,kimi-k3,2026-08-09 04:47:18,default,proj-e626b11c63844e458db1e0f9ec55a330,zhikun,ak-f9w8q5r883w111cpz35i,72012,400,70912
chatcmpl-6a7795b99545cef4b1a53b75,kimi-k3,2026-08-09 04:47:06,default,proj-e626b11c63844e458db1e0f9ec55a330,zhikun,ak-f9w8q5r883w111cpz35i,71093,860,70400
chatcmpl-6a7795af0461d893a8a0b219,kimi-k3,2026-08-09 04:46:48,default,proj-e626b11c63844e458db1e0f9ec55a330,zhikun,ak-f9w8q5r883w111cpz35i,70490,470,69632
chatcmpl-6a7795a39545cef4b1a53b5c,kimi-k3,2026-08-09 04:46:32,default,proj-e626b11c63844e458db1e0f9ec55a330,zhikun,ak-f9w8q5r883w111cpz35i,69638,334,69376
chatcmpl-6a77959a0461d893a8a0b1fd,kimi-k3,2026-08-09 04:46:21,default,proj-e626b11c63844e458db1e0f9ec55a330,zhikun,ak-f9w8q5r883w111cpz35i,69505,89,69120
chatcmpl-6a7795900461d893a8a0b1f4,kimi-k3,2026-08-09 04:46:13,default,proj-e626b11c63844e458db1e0f9ec55a330,zhikun,ak-f9w8q5r883w111cpz35i,69276,185,68864
chatcmpl-6a7795899545cef4b1a53b41,kimi-k3,2026-08-09 04:46:05,default,proj-e626b11c63844e458db1e0f9ec55a330,zhikun,ak-f9w8q5r883w111cpz35i,69096,114,68864
chatcmpl-6a77957f9545cef4b1a53b36,kimi-k3,2026-08-09 04:45:55,default,proj-e626b11c63844e458db1e0f9ec55a330,zhikun,ak-f9w8q5r883w111cpz35i,68872,165,67840
chatcmpl-6a77957a0461d893a8a0b1dc,kimi-k3,2026-08-09 04:45:50,default,proj-e626b11c63844e458db1e0f9ec55a330,zhikun,ak-f9w8q5r883w111cpz35i,68037,159,56320
chatcmpl-6a7794939545cef4b1a53a3f,kimi-k3,2026-08-09 04:45:44,default,proj-e626b11c63844e458db1e0f9ec55a330,zhikun,ak-f9w8q5r883w111cpz35i,56368,11180,54784
chatcmpl-6a77948e9545cef4b1a53a37,kimi-k3,2026-08-09 04:41:54,default,proj-e626b11c63844e458db1e0f9ec55a330,zhikun,ak-f9w8q5r883w111cpz35i,54969,201,49152
chatcmpl-6a77948b9545cef4b1a53a34,kimi-k3,2026-08-09 04:41:49,default,proj-e626b11c63844e458db1e0f9ec55a330,zhikun,ak-f9w8q5r883w111cpz35i,49293,64,48896
chatcmpl-6a7794860461d893a8a0b0d2,kimi-k3,2026-08-09 04:41:46,default,proj-e626b11c63844e458db1e0f9ec55a330,zhikun,ak-f9w8q5r883w111cpz35i,49048,160,39936
chatcmpl-6a7794839545cef4b1a53a29,kimi-k3,2026-08-09 04:41:41,default,proj-e626b11c63844e458db1e0f9ec55a330,zhikun,ak-f9w8q5r883w111cpz35i,40042,82,24832
chatcmpl-6a77947f0461d893a8a0b0c7,kimi-k3,2026-08-09 04:41:38,default,proj-e626b11c63844e458db1e0f9ec55a330,zhikun,ak-f9w8q5r883w111cpz35i,25082,81,14848
chatcmpl-6a77947c13cf48af99648bdc,kimi-k3,2026-08-09 04:41:34,default,proj-e626b11c63844e458db1e0f9ec55a330,zhikun,ak-f9w8q5r883w111cpz35i,15009,66,14336
chatcmpl-6a7794760461d893a8a0b0bb,kimi-k3,2026-08-09 04:41:31,default,proj-e626b11c63844e458db1e0f9ec55a330,zhikun,ak-f9w8q5r883w111cpz35i,14580,232,12288
chatcmpl-6a77943bf3154d657bce6b6a,kimi-k3,2026-08-09 04:41:25,default,proj-e626b11c63844e458db1e0f9ec55a330,zhikun,ak-f9w8q5r883w111cpz35i,66457,2242,65280
chatcmpl-6a779424f3154d657bce6b5c,kimi-k3,2026-08-09 04:40:26,default,proj-e626b11c63844e458db1e0f9ec55a330,zhikun,ak-f9w8q5r883w111cpz35i,65382,790,65024
chatcmpl-6a77941ef3154d657bce6b58,kimi-k3,2026-08-09 04:40:03,default,proj-e626b11c63844e458db1e0f9ec55a330,zhikun,ak-f9w8q5r883w111cpz35i,65108,179,65024
chatcmpl-6a77932af3154d657bce6aa4,kimi-k3,2026-08-09 04:35:56,default,proj-e626b11c63844e458db1e0f9ec55a330,zhikun,ak-f9w8q5r883w111cpz35i,65023,51,64768
chatcmpl-6a779322f3154d657bce6a9d,kimi-k3,2026-08-09 04:35:50,default,proj-e626b11c63844e458db1e0f9ec55a330,zhikun,ak-f9w8q5r883w111cpz35i,64863,101,63744
chatcmpl-6a77930df3154d657bce6a8f,kimi-k3,2026-08-09 04:35:45,default,proj-e626b11c63844e458db1e0f9ec55a330,zhikun,ak-f9w8q5r883w111cpz35i,63982,838,62976
chatcmpl-6a7792fcd48c432da635add2,kimi-k3,2026-08-09 04:35:24,default,proj-e626b11c63844e458db1e0f9ec55a330,zhikun,ak-f9w8q5r883w111cpz35i,62995,600,59648
chatcmpl-6a7792e4b22cc9ba09dd8a85,kimi-k3,2026-08-09 04:35:05,default,proj-e626b11c63844e458db1e0f9ec55a330,zhikun,ak-f9w8q5r883w111cpz35i,59824,679,0
chatcmpl-6a7792deecb35dbc6c25a252,kimi-k3,2026-08-09 04:34:43,default,proj-e626b11c63844e458db1e0f9ec55a330,zhikun,ak-f9w8q5r883w111cpz35i,59517,231,59136
chatcmpl-6a77925ef051a4bda8a0ae04,kimi-k3,2026-08-09 04:32:36,default,proj-e626b11c63844e458db1e0f9ec55a330,zhikun,ak-f9w8q5r883w111cpz35i,59324,159,58880
chatcmpl-6a779256b35cd1c7230e9d50,kimi-k3,2026-08-09 04:32:28,default,proj-e626b11c63844e458db1e0f9ec55a330,zhikun,ak-f9w8q5r883w111cpz35i,58919,287,58624
chatcmpl-6a7791bcb35cd1c7230e9cde,kimi-k3,2026-08-09 04:29:51,default,proj-e626b11c63844e458db1e0f9ec55a330,zhikun,ak-f9w8q5r883w111cpz35i,58834,51,58368
chatcmpl-6a7791b0b35cd1c7230e9cd5,kimi-k3,2026-08-09 04:29:42,default,proj-e626b11c63844e458db1e0f9ec55a330,zhikun,ak-f9w8q5r883w111cpz35i,58554,221,56832
chatcmpl-6a7791a7bfcef2f5b7027161,kimi-k3,2026-08-09 04:29:32,default,proj-e626b11c63844e458db1e0f9ec55a330,zhikun,ak-f9w8q5r883w111cpz35i,131476,156,131072
chatcmpl-6a7791a1cfe918a31092f7db,kimi-k3,2026-08-09 04:29:25,default,proj-e626b11c63844e458db1e0f9ec55a330,zhikun,ak-f9w8q5r883w111cpz35i,131291,72,131072
chatcmpl-6a779172bfcef2f5b7027154,kimi-k3,2026-08-09 04:28:39,default,proj-e626b11c63844e458db1e0f9ec55a330,zhikun,ak-f9w8q5r883w111cpz35i,131082,175,130816
chatcmpl-6a77916dbfcef2f5b7027151,kimi-k3,2026-08-09 04:28:32,default,proj-e626b11c63844e458db1e0f9ec55a330,zhikun,ak-f9w8q5r883w111cpz35i,130897,72,130560
chatcmpl-6a77913ccfe918a31092f779,kimi-k3,2026-08-09 04:27:47,default,proj-e626b11c63844e458db1e0f9ec55a330,zhikun,ak-f9w8q5r883w111cpz35i,130628,235,130304
chatcmpl-6a779137bfcef2f5b702712f,kimi-k3,2026-08-09 04:27:38,default,proj-e626b11c63844e458db1e0f9ec55a330,zhikun,ak-f9w8q5r883w111cpz35i,130443,72,130304
chatcmpl-6a77910abfcef2f5b7027113,kimi-k3,2026-08-09 04:26:53,default,proj-e626b11c63844e458db1e0f9ec55a330,zhikun,ak-f9w8q5r883w111cpz35i,130358,51,130048
chatcmpl-6a779106bfcef2f5b7027111,kimi-k3,2026-08-09 04:26:49,default,proj-e626b11c63844e458db1e0f9ec55a330,zhikun,ak-f9w8q5r883w111cpz35i,130177,72,130048
chatcmpl-6a7790d9bfcef2f5b70270f7,kimi-k3,2026-08-09 04:26:04,default,proj-e626b11c63844e458db1e0f9ec55a330,zhikun,ak-f9w8q5r883w111cpz35i,130092,51,129536
chatcmpl-6a7790d0bfcef2f5b70270f4,kimi-k3,2026-08-09 04:25:59,default,proj-e626b11c63844e458db1e0f9ec55a330,zhikun,ak-f9w8q5r883w111cpz35i,129637,346,128512
chatcmpl-6a7790b2bfcef2f5b70270e5,kimi-k3,2026-08-09 04:25:47,default,proj-e626b11c63844e458db1e0f9ec55a330,zhikun,ak-f9w8q5r883w111cpz35i,128535,1043,127744
chatcmpl-6a7790a4bfcef2f5b70270da,kimi-k3,2026-08-09 04:25:21,default,proj-e626b11c63844e458db1e0f9ec55a330,zhikun,ak-f9w8q5r883w111cpz35i,127837,654,127232
chatcmpl-6a779099cfe918a31092f6fe,kimi-k3,2026-08-09 04:25:06,default,proj-e626b11c63844e458db1e0f9ec55a330,zhikun,ak-f9w8q5r883w111cpz35i,127362,432,123136
chatcmpl-6a77903bbfcef2f5b70270ac,kimi-k3,2026-08-09 04:24:55,default,proj-e626b11c63844e458db1e0f9ec55a330,zhikun,ak-f9w8q5r883w111cpz35i,123357,3963,119040
chatcmpl-6a778fdebfcef2f5b7027080,kimi-k3,2026-08-09 04:23:22,default,proj-e626b11c63844e458db1e0f9ec55a330,zhikun,ak-f9w8q5r883w111cpz35i,119109,4029,118784
chatcmpl-6a778fd8cfe918a31092f660,kimi-k3,2026-08-09 04:21:48,default,proj-e626b11c63844e458db1e0f9ec55a330,zhikun,ak-f9w8q5r883w111cpz35i,118929,72,118784
chatcmpl-6a778fb6cfe918a31092f649,kimi-k3,2026-08-09 04:21:13,default,proj-e626b11c63844e458db1e0f9ec55a330,zhikun,ak-f9w8q5r883w111cpz35i,118844,51,118528
chatcmpl-6a778fb0bfcef2f5b7027068,kimi-k3,2026-08-09 04:21:08,default,proj-e626b11c63844e458db1e0f9ec55a330,zhikun,ak-f9w8q5r883w111cpz35i,118663,72,118272
chatcmpl-6a778f8ccfe918a31092f625,kimi-k3,2026-08-09 04:20:32,default,proj-e626b11c63844e458db1e0f9ec55a330,zhikun,ak-f9w8q5r883w111cpz35i,118485,144,118272
chatcmpl-6a778f88cfe918a31092f621,kimi-k3,2026-08-09 04:20:27,default,proj-e626b11c63844e458db1e0f9ec55a330,zhikun,ak-f9w8q5r883w111cpz35i,118304,72,118016
chatcmpl-6a778f64bfcef2f5b7027037,kimi-k3,2026-08-09 04:19:51,default,proj-e626b11c63844e458db1e0f9ec55a330,zhikun,ak-f9w8q5r883w111cpz35i,118219,51,118016
chatcmpl-6a778f5fcfe918a31092f5f4,kimi-k3,2026-08-09 04:19:46,default,proj-e626b11c63844e458db1e0f9ec55a330,zhikun,ak-f9w8q5r883w111cpz35i,118038,72,117760
chatcmpl-6a778f3ccfe918a31092f5ca,kimi-k3,2026-08-09 04:19:11,default,proj-e626b11c63844e458db1e0f9ec55a330,zhikun,ak-f9w8q5r883w111cpz35i,117953,51,117760
chatcmpl-6a778f37bfcef2f5b702701a,kimi-k3,2026-08-09 04:19:06,default,proj-e626b11c63844e458db1e0f9ec55a330,zhikun,ak-f9w8q5r883w111cpz35i,117772,72,117504
chatcmpl-6a778f19cfe918a31092f5a7,kimi-k3,2026-08-09 04:18:35,default,proj-e626b11c63844e458db1e0f9ec55a330,zhikun,ak-f9w8q5r883w111cpz35i,117687,51,117248
chatcmpl-6a778f11bfcef2f5b7027005,kimi-k3,2026-08-09 04:18:31,default,proj-e626b11c63844e458db1e0f9ec55a330,zhikun,ak-f9w8q5r883w111cpz35i,117390,188,116736
chatcmpl-6a778f07bfcef2f5b7026ffe,kimi-k3,2026-08-09 04:18:23,default,proj-e626b11c63844e458db1e0f9ec55a330,zhikun,ak-f9w8q5r883w111cpz35i,116923,358,115200
chatcmpl-6a778ee0cfe918a31092f580,kimi-k3,2026-08-09 04:18:10,default,proj-e626b11c63844e458db1e0f9ec55a330,zhikun,ak-f9w8q5r883w111cpz35i,115406,1458,114432
chatcmpl-6a778ed4bfcef2f5b7026fdd,kimi-k3,2026-08-09 04:17:33,default,proj-e626b11c63844e458db1e0f9ec55a330,zhikun,ak-f9w8q5r883w111cpz35i,114498,442,113920
chatcmpl-6a778ecbcfe918a31092f567,kimi-k3,2026-08-09 04:17:21,default,proj-e626b11c63844e458db1e0f9ec55a330,zhikun,ak-f9w8q5r883w111cpz35i,114159,276,113664
chatcmpl-6a778ebdbfcef2f5b7026fcf,kimi-k3,2026-08-09 04:17:10,default,proj-e626b11c63844e458db1e0f9ec55a330,zhikun,ak-f9w8q5r883w111cpz35i,113750,354,113152
chatcmpl-6a778eb2bfcef2f5b7026fc7,kimi-k3,2026-08-09 04:17:00,default,proj-e626b11c63844e458db1e0f9ec55a330,zhikun,ak-f9w8q5r883w111cpz35i,113210,496,112640
chatcmpl-6a778ea6cfe918a31092f541,kimi-k3,2026-08-09 04:16:48,default,proj-e626b11c63844e458db1e0f9ec55a330,zhikun,ak-f9w8q5r883w111cpz35i,112645,521,112128
chatcmpl-6a778e9fbfcef2f5b7026fbd,kimi-k3,2026-08-09 04:16:36,default,proj-e626b11c63844e458db1e0f9ec55a330,zhikun,ak-f9w8q5r883w111cpz35i,112337,136,111616
chatcmpl-6a778e93cfe918a31092f52a,kimi-k3,2026-08-09 04:16:29,default,proj-e626b11c63844e458db1e0f9ec55a330,zhikun,ak-f9w8q5r883w111cpz35i,111828,465,110336
chatcmpl-6a778e7abfcef2f5b7026fa4,kimi-k3,2026-08-09 04:16:17,default,proj-e626b11c63844e458db1e0f9ec55a330,zhikun,ak-f9w8q5r883w111cpz35i,110472,1312,109824
chatcmpl-6a778e6dcfe918a31092f506,kimi-k3,2026-08-09 04:15:51,default,proj-e626b11c63844e458db1e0f9ec55a330,zhikun,ak-f9w8q5r883w111cpz35i,109859,569,109056
chatcmpl-6a778e5fcfe918a31092f4f8,kimi-k3,2026-08-09 04:15:40,default,proj-e626b11c63844e458db1e0f9ec55a330,zhikun,ak-f9w8q5r883w111cpz35i,109115,700,108032
chatcmpl-6a778e4ccfe918a31092f4e8,kimi-k3,2026-08-09 04:15:27,default,proj-e626b11c63844e458db1e0f9ec55a330,zhikun,ak-f9w8q5r883w111cpz35i,108090,981,107264
chatcmpl-6a778e3dbfcef2f5b7026f7e,kimi-k3,2026-08-09 04:15:05,default,proj-e626b11c63844e458db1e0f9ec55a330,zhikun,ak-f9w8q5r883w111cpz35i,107413,633,106496
chatcmpl-6a778e2ecfe918a31092f4c8,kimi-k3,2026-08-09 04:14:51,default,proj-e626b11c63844e458db1e0f9ec55a330,zhikun,ak-f9w8q5r883w111cpz35i,106631,738,106240
chatcmpl-6a778e25bfcef2f5b7026f6e,kimi-k3,2026-08-09 04:14:36,default,proj-e626b11c63844e458db1e0f9ec55a330,zhikun,ak-f9w8q5r883w111cpz35i,106264,323,105472
chatcmpl-6a778e19cfe918a31092f4bc,kimi-k3,2026-08-09 04:14:27,default,proj-e626b11c63844e458db1e0f9ec55a330,zhikun,ak-f9w8q5r883w111cpz35i,105721,500,105216
chatcmpl-6a778e11bfcef2f5b7026f5e,kimi-k3,2026-08-09 04:14:16,default,proj-e626b11c63844e458db1e0f9ec55a330,zhikun,ak-f9w8q5r883w111cpz35i,105379,299,104704
chatcmpl-6a778e04cfe918a31092f4b0,kimi-k3,2026-08-09 04:14:07,default,proj-e626b11c63844e458db1e0f9ec55a330,zhikun,ak-f9w8q5r883w111cpz35i,104803,533,104192
chatcmpl-6a778dfabfcef2f5b7026f4e,kimi-k3,2026-08-09 04:13:54,default,proj-e626b11c63844e458db1e0f9ec55a330,zhikun,ak-f9w8q5r883w111cpz35i,104368,392,103936
chatcmpl-6a778df2cfe918a31092f4a2,kimi-k3,2026-08-09 04:13:44,default,proj-e626b11c63844e458db1e0f9ec55a330,zhikun,ak-f9w8q5r883w111cpz35i,104094,232,103680
chatcmpl-6a778de9bfcef2f5b7026f42,kimi-k3,2026-08-09 04:13:36,default,proj-e626b11c63844e458db1e0f9ec55a330,zhikun,ak-f9w8q5r883w111cpz35i,103783,269,102912
chatcmpl-6a778dd7cfe918a31092f494,kimi-k3,2026-08-09 04:13:27,default,proj-e626b11c63844e458db1e0f9ec55a330,zhikun,ak-f9w8q5r883w111cpz35i,102918,823,93440
chatcmpl-6a778d13bfcef2f5b7026eca,kimi-k3,2026-08-09 04:13:10,default,proj-e626b11c63844e458db1e0f9ec55a330,zhikun,ak-f9w8q5r883w111cpz35i,93625,8978,92416
chatcmpl-6a778d0bbfcef2f5b7026ec4,kimi-k3,2026-08-09 04:09:54,default,proj-e626b11c63844e458db1e0f9ec55a330,zhikun,ak-f9w8q5r883w111cpz35i,92495,268,91904
chatcmpl-6a778d05cfe918a31092f3cc,kimi-k3,2026-08-09 04:09:45,default,proj-e626b11c63844e458db1e0f9ec55a330,zhikun,ak-f9w8q5r883w111cpz35i,91905,119,84480
chatcmpl-6a778c7cbfcef2f5b7026e7d,kimi-k3,2026-08-09 04:09:36,default,proj-e626b11c63844e458db1e0f9ec55a330,zhikun,ak-f9w8q5r883w111cpz35i,84606,5347,83200
chatcmpl-6a778c62bfcef2f5b7026e6e,kimi-k3,2026-08-09 04:07:20,default,proj-e626b11c63844e458db1e0f9ec55a330,zhikun,ak-f9w8q5r883w111cpz35i,83411,895,81152
chatcmpl-6a778c56cfe918a31092f318,kimi-k3,2026-08-09 04:06:55,default,proj-e626b11c63844e458db1e0f9ec55a330,zhikun,ak-f9w8q5r883w111cpz35i,81330,366,80896
chatcmpl-6a778c4cbfcef2f5b7026e61,kimi-k3,2026-08-09 04:06:44,default,proj-e626b11c63844e458db1e0f9ec55a330,zhikun,ak-f9w8q5r883w111cpz35i,80949,296,79104
chatcmpl-6a778c1dbfcef2f5b7026e4e,kimi-k3,2026-08-09 04:06:32,default,proj-e626b11c63844e458db1e0f9ec55a330,zhikun,ak-f9w8q5r883w111cpz35i,79171,1723,78336
chatcmpl-6a778c0dbfcef2f5b7026e43,kimi-k3,2026-08-09 04:05:48,default,proj-e626b11c63844e458db1e0f9ec55a330,zhikun,ak-f9w8q5r883w111cpz35i,78526,560,76032
chatcmpl-6a778bfbcfe918a31092f2c9,kimi-k3,2026-08-09 04:05:27,default,proj-e626b11c63844e458db1e0f9ec55a330,zhikun,ak-f9w8q5r883w111cpz35i,76135,499,75520
chatcmpl-6a778bebcfe918a31092f2ba,kimi-k3,2026-08-09 04:05:06,default,proj-e626b11c63844e458db1e0f9ec55a330,zhikun,ak-f9w8q5r883w111cpz35i,75731,260,75264
chatcmpl-6a778be2cfe918a31092f2af,kimi-k3,2026-08-09 04:04:55,default,proj-e626b11c63844e458db1e0f9ec55a330,zhikun,ak-f9w8q5r883w111cpz35i,75497,179,75008
chatcmpl-6a778bdbbfcef2f5b7026e20,kimi-k3,2026-08-09 04:04:48,default,proj-e626b11c63844e458db1e0f9ec55a330,zhikun,ak-f9w8q5r883w111cpz35i,75236,141,74496
chatcmpl-6a778bcecfe918a31092f29b,kimi-k3,2026-08-09 04:04:41,default,proj-e626b11c63844e458db1e0f9ec55a330,zhikun,ak-f9w8q5r883w111cpz35i,74689,453,57856
chatcmpl-6a778abfbfcef2f5b7026d8d,kimi-k3,2026-08-09 04:04:28,default,proj-e626b11c63844e458db1e0f9ec55a330,zhikun,ak-f9w8q5r883w111cpz35i,58108,12004,49408
chatcmpl-6a778abbbfcef2f5b7026d8c,kimi-k3,2026-08-09 03:59:58,default,proj-e626b11c63844e458db1e0f9ec55a330,zhikun,ak-f9w8q5r883w111cpz35i,49481,93,41984
chatcmpl-6a778ab5bfcef2f5b7026d89,kimi-k3,2026-08-09 03:59:54,default,proj-e626b11c63844e458db1e0f9ec55a330,zhikun,ak-f9w8q5r883w111cpz35i,42108,138,18432
chatcmpl-6a778ab1bfcef2f5b7026d86,kimi-k3,2026-08-09 03:59:49,default,proj-e626b11c63844e458db1e0f9ec55a330,zhikun,ak-f9w8q5r883w111cpz35i,18664,145,14336
chatcmpl-6a778aa8bfcef2f5b7026d83,kimi-k3,2026-08-09 03:59:44,default,proj-e626b11c63844e458db1e0f9ec55a330,zhikun,ak-f9w8q5r883w111cpz35i,14548,372,0
chatcmpl-6a778a7fb35cd1c7230e9803,kimi-k3,2026-08-09 03:59:35,default,proj-e626b11c63844e458db1e0f9ec55a330,zhikun,ak-f9w8q5r883w111cpz35i,56832,1613,55808
chatcmpl-6a778a69b35cd1c7230e97f5,kimi-k3,2026-08-09 03:58:54,default,proj-e626b11c63844e458db1e0f9ec55a330,zhikun,ak-f9w8q5r883w111cpz35i,55807,811,55296
chatcmpl-6a778a61d0de2822dbb3d693,kimi-k3,2026-08-09 03:58:31,default,proj-e626b11c63844e458db1e0f9ec55a330,zhikun,ak-f9w8q5r883w111cpz35i,55468,231,55040
chatcmpl-6a7789e0d0de2822dbb3d64d,kimi-k3,2026-08-09 03:56:24,default,proj-e626b11c63844e458db1e0f9ec55a330,zhikun,ak-f9w8q5r883w111cpz35i,55223,211,0
chatcmpl-6a7789cfcfe918a31092f108,kimi-k3,2026-08-09 03:56:15,default,proj-e626b11c63844e458db1e0f9ec55a330,zhikun,ak-f9w8q5r883w111cpz35i,54425,598,53760
chatcmpl-6a7789c7c624889d61fd9f48,kimi-k3,2026-08-09 03:55:57,default,proj-e626b11c63844e458db1e0f9ec55a330,zhikun,ak-f9w8q5r883w111cpz35i,53912,253,53504
chatcmpl-6a778965c624889d61fd9f15,kimi-k3,2026-08-09 03:54:20,default,proj-e626b11c63844e458db1e0f9ec55a330,zhikun,ak-f9w8q5r883w111cpz35i,53635,243,53248
chatcmpl-6a77895ec624889d61fd9f0e,kimi-k3,2026-08-09 03:54:12,default,proj-e626b11c63844e458db1e0f9ec55a330,zhikun,ak-f9w8q5r883w111cpz35i,53268,279,52992
chatcmpl-6a77890ec624889d61fd9ee2,kimi-k3,2026-08-09 03:52:50,default,proj-e626b11c63844e458db1e0f9ec55a330,zhikun,ak-f9w8q5r883w111cpz35i,53183,51,52736
chatcmpl-6a778903c624889d61fd9edd,kimi-k3,2026-08-09 03:52:40,default,proj-e626b11c63844e458db1e0f9ec55a330,zhikun,ak-f9w8q5r883w111cpz35i,52944,180,50944
chatcmpl-6a7788d89b09fb22aa2697fd,kimi-k3,2026-08-09 03:52:34,default,proj-e626b11c63844e458db1e0f9ec55a330,zhikun,ak-f9w8q5r883w111cpz35i,117254,1738,115968
chatcmpl-6a7788c89b09fb22aa2697e7,kimi-k3,2026-08-09 03:51:51,default,proj-e626b11c63844e458db1e0f9ec55a330,zhikun,ak-f9w8q5r883w111cpz35i,116205,760,115456
chatcmpl-6a7788c29b09fb22aa2697d9,kimi-k3,2026-08-09 03:51:35,default,proj-e626b11c63844e458db1e0f9ec55a330,zhikun,ak-f9w8q5r883w111cpz35i,115570,270,115200
chatcmpl-6a7788709b09fb22aa269787,kimi-k3,2026-08-09 03:50:14,default,proj-e626b11c63844e458db1e0f9ec55a330,zhikun,ak-f9w8q5r883w111cpz35i,115303,233,114688
chatcmpl-6a77886a9b09fb22aa26977e,kimi-k3,2026-08-09 03:50:07,default,proj-e626b11c63844e458db1e0f9ec55a330,zhikun,ak-f9w8q5r883w111cpz35i,114734,270,114432
chatcmpl-6a7788199b09fb22aa2696f0,kimi-k3,2026-08-09 03:48:45,default,proj-e626b11c63844e458db1e0f9ec55a330,zhikun,ak-f9w8q5r883w111cpz35i,114541,159,113920
chatcmpl-6a7788129b09fb22aa2696e6,kimi-k3,2026-08-09 03:48:40,default,proj-e626b11c63844e458db1e0f9ec55a330,zhikun,ak-f9w8q5r883w111cpz35i,114023,284,113920
chatcmpl-6a7787c39b09fb22aa269667,kimi-k3,2026-08-09 03:47:18,default,proj-e626b11c63844e458db1e0f9ec55a330,zhikun,ak-f9w8q5r883w111cpz35i,113938,51,113152
chatcmpl-6a7787b79b09fb22aa269654,kimi-k3,2026-08-09 03:47:14,default,proj-e626b11c63844e458db1e0f9ec55a330,zhikun,ak-f9w8q5r883w111cpz35i,113248,639,112640
chatcmpl-6a7787a89b09fb22aa26963d,kimi-k3,2026-08-09 03:47:00,default,proj-e626b11c63844e458db1e0f9ec55a330,zhikun,ak-f9w8q5r883w111cpz35i,112777,411,107264
chatcmpl-6a7787379b09fb22aa269596,kimi-k3,2026-08-09 03:46:47,default,proj-e626b11c63844e458db1e0f9ec55a330,zhikun,ak-f9w8q5r883w111cpz35i,107329,5404,103936
chatcmpl-6a7787149b09fb22aa26955f,kimi-k3,2026-08-09 03:44:54,default,proj-e626b11c63844e458db1e0f9ec55a330,zhikun,ak-f9w8q5r883w111cpz35i,104035,1557,103168
chatcmpl-6a77870d9b09fb22aa26954e,kimi-k3,2026-08-09 03:44:19,default,proj-e626b11c63844e458db1e0f9ec55a330,zhikun,ak-f9w8q5r883w111cpz35i,103349,270,101888
chatcmpl-6a7786b19b09fb22aa2694c5,kimi-k3,2026-08-09 03:43:11,default,proj-e626b11c63844e458db1e0f9ec55a330,zhikun,ak-f9w8q5r883w111cpz35i,101889,1426,101120
chatcmpl-6a7786aa9545cef4b1a52ada,kimi-k3,2026-08-09 03:42:39,default,proj-e626b11c63844e458db1e0f9ec55a330,zhikun,ak-f9w8q5r883w111cpz35i,101333,270,101120
chatcmpl-6a7786699545cef4b1a52a9d,kimi-k3,2026-08-09 03:41:33,default,proj-e626b11c63844e458db1e0f9ec55a330,zhikun,ak-f9w8q5r883w111cpz35i,101156,143,100608
chatcmpl-6a7786629545cef4b1a52a91,kimi-k3,2026-08-09 03:41:28,default,proj-e626b11c63844e458db1e0f9ec55a330,zhikun,ak-f9w8q5r883w111cpz35i,100662,270,100352
chatcmpl-6a7786209545cef4b1a52a42,kimi-k3,2026-08-09 03:40:21,default,proj-e626b11c63844e458db1e0f9ec55a330,zhikun,ak-f9w8q5r883w111cpz35i,100456,172,99840
chatcmpl-6a7786199545cef4b1a52a3b,kimi-k3,2026-08-09 03:40:15,default,proj-e626b11c63844e458db1e0f9ec55a330,zhikun,ak-f9w8q5r883w111cpz35i,100023,257,99840
chatcmpl-6a7785d89b09fb22aa26936c,kimi-k3,2026-08-09 03:39:08,default,proj-e626b11c63844e458db1e0f9ec55a330,zhikun,ak-f9w8q5r883w111cpz35i,99938,51,99072
chatcmpl-6a7785cc9b09fb22aa269357,kimi-k3,2026-08-09 03:39:03,default,proj-e626b11c63844e458db1e0f9ec55a330,zhikun,ak-f9w8q5r883w111cpz35i,99244,641,98560
chatcmpl-6a7785bc9b09fb22aa26933f,kimi-k3,2026-08-09 03:38:48,default,proj-e626b11c63844e458db1e0f9ec55a330,zhikun,ak-f9w8q5r883w111cpz35i,98690,495,97792
chatcmpl-6a7785ae9b09fb22aa269320,kimi-k3,2026-08-09 03:38:35,default,proj-e626b11c63844e458db1e0f9ec55a330,zhikun,ak-f9w8q5r883w111cpz35i,97973,673,97280
chatcmpl-6a7785a49b09fb22aa269310,kimi-k3,2026-08-09 03:38:21,default,proj-e626b11c63844e458db1e0f9ec55a330,zhikun,ak-f9w8q5r883w111cpz35i,97456,473,96512
chatcmpl-6a7785979b09fb22aa2692f8,kimi-k3,2026-08-09 03:38:11,default,proj-e626b11c63844e458db1e0f9ec55a330,zhikun,ak-f9w8q5r883w111cpz35i,96708,705,92416
chatcmpl-6a7785389b09fb22aa269252,kimi-k3,2026-08-09 03:37:58,default,proj-e626b11c63844e458db1e0f9ec55a330,zhikun,ak-f9w8q5r883w111cpz35i,92585,4080,91904
chatcmpl-6a7785319b09fb22aa269249,kimi-k3,2026-08-09 03:36:23,default,proj-e626b11c63844e458db1e0f9ec55a330,zhikun,ak-f9w8q5r883w111cpz35i,92090,263,91392
chatcmpl-6a7784e49b09fb22aa2691b1,kimi-k3,2026-08-09 03:35:15,default,proj-e626b11c63844e458db1e0f9ec55a330,zhikun,ak-f9w8q5r883w111cpz35i,91469,587,90624
chatcmpl-6a7784d69545cef4b1a528d9,kimi-k3,2026-08-09 03:34:58,default,proj-e626b11c63844e458db1e0f9ec55a330,zhikun,ak-f9w8q5r883w111cpz35i,90831,580,90368
chatcmpl-6a7784d09b09fb22aa26918e,kimi-k3,2026-08-09 03:34:45,default,proj-e626b11c63844e458db1e0f9ec55a330,zhikun,ak-f9w8q5r883w111cpz35i,90396,231,77568
chatcmpl-6a77849d9b09fb22aa26912b,kimi-k3,2026-08-09 03:33:54,default,proj-e626b11c63844e458db1e0f9ec55a330,zhikun,ak-f9w8q5r883w111cpz35i,90430,203,89856
chatcmpl-6a7784979545cef4b1a52895,kimi-k3,2026-08-09 03:33:48,default,proj-e626b11c63844e458db1e0f9ec55a330,zhikun,ak-f9w8q5r883w111cpz35i,90033,244,89600
chatcmpl-6a7784729b09fb22aa2690e9,kimi-k3,2026-08-09 03:33:11,default,proj-e626b11c63844e458db1e0f9ec55a330,zhikun,ak-f9w8q5r883w111cpz35i,89851,148,89088
chatcmpl-6a7784659b09fb22aa2690d2,kimi-k3,2026-08-09 03:33:06,default,proj-e626b11c63844e458db1e0f9ec55a330,zhikun,ak-f9w8q5r883w111cpz35i,89093,706,88576
chatcmpl-6a77845e9b09fb22aa2690c5,kimi-k3,2026-08-09 03:32:52,default,proj-e626b11c63844e458db1e0f9ec55a330,zhikun,ak-f9w8q5r883w111cpz35i,88656,264,88320
chatcmpl-6a7784569b09fb22aa2690b9,kimi-k3,2026-08-09 03:32:42,default,proj-e626b11c63844e458db1e0f9ec55a330,zhikun,ak-f9w8q5r883w111cpz35i,88454,143,87808
chatcmpl-6a77844d9b09fb22aa2690ac,kimi-k3,2026-08-09 03:32:37,default,proj-e626b11c63844e458db1e0f9ec55a330,zhikun,ak-f9w8q5r883w111cpz35i,88021,307,86272
chatcmpl-6a7784339b09fb22aa269080,kimi-k3,2026-08-09 03:32:29,default,proj-e626b11c63844e458db1e0f9ec55a330,zhikun,ak-f9w8q5r883w111cpz35i,86364,1613,85248
chatcmpl-6a7784209b09fb22aa269062,kimi-k3,2026-08-09 03:32:02,default,proj-e626b11c63844e458db1e0f9ec55a330,zhikun,ak-f9w8q5r883w111cpz35i,85272,1048,84736
chatcmpl-6a77841a9b09fb22aa269056,kimi-k3,2026-08-09 03:31:43,default,proj-e626b11c63844e458db1e0f9ec55a330,zhikun,ak-f9w8q5r883w111cpz35i,84979,249,84224
chatcmpl-6a77840e9b09fb22aa269040,kimi-k3,2026-08-09 03:31:37,default,proj-e626b11c63844e458db1e0f9ec55a330,zhikun,ak-f9w8q5r883w111cpz35i,84263,673,83712
chatcmpl-6a7784079b09fb22aa269037,kimi-k3,2026-08-09 03:31:25,default,proj-e626b11c63844e458db1e0f9ec55a330,zhikun,ak-f9w8q5r883w111cpz35i,83934,286,83456
chatcmpl-6a7783ff9b09fb22aa26902e,kimi-k3,2026-08-09 03:31:18,default,proj-e626b11c63844e458db1e0f9ec55a330,zhikun,ak-f9w8q5r883w111cpz35i,83540,351,82944
chatcmpl-6a7783f79b09fb22aa269024,kimi-k3,2026-08-09 03:31:10,default,proj-e626b11c63844e458db1e0f9ec55a330,zhikun,ak-f9w8q5r883w111cpz35i,83115,381,82688
chatcmpl-6a7783f09b09fb22aa26901c,kimi-k3,2026-08-09 03:31:02,default,proj-e626b11c63844e458db1e0f9ec55a330,zhikun,ak-f9w8q5r883w111cpz35i,82755,318,80640
chatcmpl-6a7783ca9b09fb22aa268fe0,kimi-k3,2026-08-09 03:30:55,default,proj-e626b11c63844e458db1e0f9ec55a330,zhikun,ak-f9w8q5r883w111cpz35i,80793,1920,61952
chatcmpl-6a778265b8fa99ee513be9fa,kimi-k3,2026-08-09 03:30:17,default,proj-e626b11c63844e458db1e0f9ec55a330,zhikun,ak-f9w8q5r883w111cpz35i,61999,17780,48128
chatcmpl-6a77820db8fa99ee513be989,kimi-k3,2026-08-09 03:24:20,default,proj-e626b11c63844e458db1e0f9ec55a330,zhikun,ak-f9w8q5r883w111cpz35i,48269,4101,40192
chatcmpl-6a77820ab8fa99ee513be986,kimi-k3,2026-08-09 03:22:52,default,proj-e626b11c63844e458db1e0f9ec55a330,zhikun,ak-f9w8q5r883w111cpz35i,40355,73,25856
chatcmpl-6a7782065b66f239f0db0826,kimi-k3,2026-08-09 03:22:49,default,proj-e626b11c63844e458db1e0f9ec55a330,zhikun,ak-f9w8q5r883w111cpz35i,26083,87,18944
chatcmpl-6a7782035b66f239f0db0823,kimi-k3,2026-08-09 03:22:46,default,proj-e626b11c63844e458db1e0f9ec55a330,zhikun,ak-f9w8q5r883w111cpz35i,18973,130,14336
chatcmpl-6a7781fb9545cef4b1a52646,kimi-k3,2026-08-09 03:22:42,default,proj-e626b11c63844e458db1e0f9ec55a330,zhikun,ak-f9w8q5r883w111cpz35i,14482,319,0
chatcmpl-6a7781cdc624889d61fd9ad7,kimi-k3,2026-08-09 03:22:34,default,proj-e626b11c63844e458db1e0f9ec55a330,zhikun,ak-f9w8q5r883w111cpz35i,51143,1692,49920
chatcmpl-6a7781b3c624889d61fd9ac2,kimi-k3,2026-08-09 03:21:48,default,proj-e626b11c63844e458db1e0f9ec55a330,zhikun,ak-f9w8q5r883w111cpz35i,50022,901,48640
chatcmpl-6a7781a4e8ba49b3593aaa83,kimi-k3,2026-08-09 03:21:22,default,proj-e626b11c63844e458db1e0f9ec55a330,zhikun,ak-f9w8q5r883w111cpz35i,48876,521,48384
chatcmpl-6a77819ce8ba49b3593aaa7a,kimi-k3,2026-08-09 03:21:08,default,proj-e626b11c63844e458db1e0f9ec55a330,zhikun,ak-f9w8q5r883w111cpz35i,48404,270,47616
chatcmpl-6a778131e8ba49b3593aaa06,kimi-k3,2026-08-09 03:19:30,default,proj-e626b11c63844e458db1e0f9ec55a330,zhikun,ak-f9w8q5r883w111cpz35i,47814,556,47104
chatcmpl-6a77812ae8ba49b3593aaa01,kimi-k3,2026-08-09 03:19:12,default,proj-e626b11c63844e458db1e0f9ec55a330,zhikun,ak-f9w8q5r883w111cpz35i,47241,217,47104
chatcmpl-6a7780ebe8ba49b3593aa9c0,kimi-k3,2026-08-09 03:18:05,default,proj-e626b11c63844e458db1e0f9ec55a330,zhikun,ak-f9w8q5r883w111cpz35i,47156,51,46848
chatcmpl-6a7780e0f051a4bda8a09c46,kimi-k3,2026-08-09 03:17:58,default,proj-e626b11c63844e458db1e0f9ec55a330,zhikun,ak-f9w8q5r883w111cpz35i,46909,188,46336
chatcmpl-6a7780d6f051a4bda8a09c37,kimi-k3,2026-08-09 03:17:50,default,proj-e626b11c63844e458db1e0f9ec55a330,zhikun,ak-f9w8q5r883w111cpz35i,46422,329,43520
chatcmpl-6a7780d1b3cae5c854113d2e,kimi-k3,2026-08-09 03:17:41,default,proj-e626b11c63844e458db1e0f9ec55a330,zhikun,ak-f9w8q5r883w111cpz35i,130657,70,129536
chatcmpl-6a7780c5b3cae5c854113d23,kimi-k3,2026-08-09 03:17:35,default,proj-e626b11c63844e458db1e0f9ec55a330,zhikun,ak-f9w8q5r883w111cpz35i,129725,408,129280
chatcmpl-6a7780beb3cae5c854113d1f,kimi-k3,2026-08-09 03:17:23,default,proj-e626b11c63844e458db1e0f9ec55a330,zhikun,ak-f9w8q5r883w111cpz35i,129394,191,129280
chatcmpl-6a77809dc37a6f648175f2d3,kimi-k3,2026-08-09 03:16:47,default,proj-e626b11c63844e458db1e0f9ec55a330,zhikun,ak-f9w8q5r883w111cpz35i,129309,51,129024
chatcmpl-6a778096c37a6f648175f2ce,kimi-k3,2026-08-09 03:16:43,default,proj-e626b11c63844e458db1e0f9ec55a330,zhikun,ak-f9w8q5r883w111cpz35i,129026,181,128768
chatcmpl-6a7780722faf3155ef3d60d8,kimi-k3,2026-08-09 03:16:05,default,proj-e626b11c63844e458db1e0f9ec55a330,zhikun,ak-f9w8q5r883w111cpz35i,128941,51,128512
chatcmpl-6a7780662faf3155ef3d60cd,kimi-k3,2026-08-09 03:15:58,default,proj-e626b11c63844e458db1e0f9ec55a330,zhikun,ak-f9w8q5r883w111cpz35i,128659,223,128000
chatcmpl-6a77805bb3cae5c854113cdc,kimi-k3,2026-08-09 03:15:48,default,proj-e626b11c63844e458db1e0f9ec55a330,zhikun,ak-f9w8q5r883w111cpz35i,128214,403,124416
chatcmpl-6a777fffb3cae5c854113c9a,kimi-k3,2026-08-09 03:15:38,default,proj-e626b11c63844e458db1e0f9ec55a330,zhikun,ak-f9w8q5r883w111cpz35i,124431,3638,123904
chatcmpl-6a777ff72faf3155ef3d606a,kimi-k3,2026-08-09 03:14:05,default,proj-e626b11c63844e458db1e0f9ec55a330,zhikun,ak-f9w8q5r883w111cpz35i,124107,171,123392
chatcmpl-6a777fceb3cae5c854113c7f,kimi-k3,2026-08-09 03:13:32,default,proj-e626b11c63844e458db1e0f9ec55a330,zhikun,ak-f9w8q5r883w111cpz35i,123626,447,121344
chatcmpl-6a777fb1b3cae5c854113c69,kimi-k3,2026-08-09 03:13:17,default,proj-e626b11c63844e458db1e0f9ec55a330,zhikun,ak-f9w8q5r883w111cpz35i,121537,992,120576
chatcmpl-6a777fa82faf3155ef3d601d,kimi-k3,2026-08-09 03:12:46,default,proj-e626b11c63844e458db1e0f9ec55a330,zhikun,ak-f9w8q5r883w111cpz35i,120675,214,120320
chatcmpl-6a777f86b3cae5c854113c57,kimi-k3,2026-08-09 03:12:13,default,proj-e626b11c63844e458db1e0f9ec55a330,zhikun,ak-f9w8q5r883w111cpz35i,120453,188,119552
chatcmpl-6a777f802faf3155ef3d5fec,kimi-k3,2026-08-09 03:12:05,default,proj-e626b11c63844e458db1e0f9ec55a330,zhikun,ak-f9w8q5r883w111cpz35i,119724,197,119552
chatcmpl-6a777f61b3cae5c854113c3d,kimi-k3,2026-08-09 03:11:33,default,proj-e626b11c63844e458db1e0f9ec55a330,zhikun,ak-f9w8q5r883w111cpz35i,119577,113,118528
chatcmpl-6a777f5ab3cae5c854113c36,kimi-k3,2026-08-09 03:11:27,default,proj-e626b11c63844e458db1e0f9ec55a330,zhikun,ak-f9w8q5r883w111cpz35i,118742,203,118272
chatcmpl-6a777f38b3cae5c854113c1a,kimi-k3,2026-08-09 03:10:55,default,proj-e626b11c63844e458db1e0f9ec55a330,zhikun,ak-f9w8q5r883w111cpz35i,118492,216,117504
chatcmpl-6a777f29b3cae5c854113c11,kimi-k3,2026-08-09 03:10:47,default,proj-e626b11c63844e458db1e0f9ec55a330,zhikun,ak-f9w8q5r883w111cpz35i,117506,475,116480
chatcmpl-6a777f202faf3155ef3d5f7a,kimi-k3,2026-08-09 03:10:31,default,proj-e626b11c63844e458db1e0f9ec55a330,zhikun,ak-f9w8q5r883w111cpz35i,116667,243,114944
chatcmpl-6a777ef6b3cae5c854113bea,kimi-k3,2026-08-09 03:10:19,default,proj-e626b11c63844e458db1e0f9ec55a330,zhikun,ak-f9w8q5r883w111cpz35i,115143,1465,114688
chatcmpl-6a777eeeb3cae5c854113be3,kimi-k3,2026-08-09 03:09:41,default,proj-e626b11c63844e458db1e0f9ec55a330,zhikun,ak-f9w8q5r883w111cpz35i,114835,265,113920
chatcmpl-6a777edfb3cae5c854113bd9,kimi-k3,2026-08-09 03:09:33,default,proj-e626b11c63844e458db1e0f9ec55a330,zhikun,ak-f9w8q5r883w111cpz35i,114171,620,111360
chatcmpl-6a777eb6b3cae5c854113bbc,kimi-k3,2026-08-09 03:09:18,default,proj-e626b11c63844e458db1e0f9ec55a330,zhikun,ak-f9w8q5r883w111cpz35i,111590,1506,110848
chatcmpl-6a777ea62faf3155ef3d5f0c,kimi-k3,2026-08-09 03:08:35,default,proj-e626b11c63844e458db1e0f9ec55a330,zhikun,ak-f9w8q5r883w111cpz35i,110943,605,110592
chatcmpl-6a777e9f2faf3155ef3d5f06,kimi-k3,2026-08-09 03:08:21,default,proj-e626b11c63844e458db1e0f9ec55a330,zhikun,ak-f9w8q5r883w111cpz35i,110672,229,110080
chatcmpl-6a777e94b3cae5c854113ba9,kimi-k3,2026-08-09 03:08:12,default,proj-e626b11c63844e458db1e0f9ec55a330,zhikun,ak-f9w8q5r883w111cpz35i,110287,343,109824
chatcmpl-6a777e8b2faf3155ef3d5eef,kimi-k3,2026-08-09 03:08:02,default,proj-e626b11c63844e458db1e0f9ec55a330,zhikun,ak-f9w8q5r883w111cpz35i,110026,218,89344
chatcmpl-6a777e83b3cae5c854113b9b,kimi-k3,2026-08-09 03:07:53,default,proj-e626b11c63844e458db1e0f9ec55a330,zhikun,ak-f9w8q5r883w111cpz35i,109753,229,109312
chatcmpl-6a777e7ab3cae5c854113b96,kimi-k3,2026-08-09 03:07:45,default,proj-e626b11c63844e458db1e0f9ec55a330,zhikun,ak-f9w8q5r883w111cpz35i,109423,286,109056
chatcmpl-6a777e73b3cae5c854113b90,kimi-k3,2026-08-09 03:07:37,default,proj-e626b11c63844e458db1e0f9ec55a330,zhikun,ak-f9w8q5r883w111cpz35i,109181,198,108288
chatcmpl-6a777e63b3cae5c854113b86,kimi-k3,2026-08-09 03:07:30,default,proj-e626b11c63844e458db1e0f9ec55a330,zhikun,ak-f9w8q5r883w111cpz35i,108514,624,52224
chatcmpl-6a777e5ac37a6f648175f173,kimi-k3,2026-08-09 03:07:13,default,proj-e626b11c63844e458db1e0f9ec55a330,zhikun,ak-f9w8q5r883w111cpz35i,108189,284,107776
chatcmpl-6a777e52b3cae5c854113b7a,kimi-k3,2026-08-09 03:07:04,default,proj-e626b11c63844e458db1e0f9ec55a330,zhikun,ak-f9w8q5r883w111cpz35i,107892,254,106752
chatcmpl-6a777e3bb3cae5c854113b70,kimi-k3,2026-08-09 03:06:57,default,proj-e626b11c63844e458db1e0f9ec55a330,zhikun,ak-f9w8q5r883w111cpz35i,106823,1026,105984
chatcmpl-6a777e2cc37a6f648175f157,kimi-k3,2026-08-09 03:06:33,default,proj-e626b11c63844e458db1e0f9ec55a330,zhikun,ak-f9w8q5r883w111cpz35i,106204,576,105728
chatcmpl-6a777e23b3cae5c854113b63,kimi-k3,2026-08-09 03:06:18,default,proj-e626b11c63844e458db1e0f9ec55a330,zhikun,ak-f9w8q5r883w111cpz35i,105866,295,104192
chatcmpl-6a777e05b3cae5c854113b49,kimi-k3,2026-08-09 03:06:10,default,proj-e626b11c63844e458db1e0f9ec55a330,zhikun,ak-f9w8q5r883w111cpz35i,104358,1465,103680
chatcmpl-6a777dfab3cae5c854113b42,kimi-k3,2026-08-09 03:05:40,default,proj-e626b11c63844e458db1e0f9ec55a330,zhikun,ak-f9w8q5r883w111cpz35i,103878,437,102656
chatcmpl-6a777de5c37a6f648175f12c,kimi-k3,2026-08-09 03:05:29,default,proj-e626b11c63844e458db1e0f9ec55a330,zhikun,ak-f9w8q5r883w111cpz35i,102907,928,102144
chatcmpl-6a777dd6c37a6f648175f124,kimi-k3,2026-08-09 03:05:08,default,proj-e626b11c63844e458db1e0f9ec55a330,zhikun,ak-f9w8q5r883w111cpz35i,102245,619,101632
chatcmpl-6a777dcab3cae5c854113b1c,kimi-k3,2026-08-09 03:04:52,default,proj-e626b11c63844e458db1e0f9ec55a330,zhikun,ak-f9w8q5r883w111cpz35i,101736,466,101120
chatcmpl-6a777dbcc37a6f648175f113,kimi-k3,2026-08-09 03:04:40,default,proj-e626b11c63844e458db1e0f9ec55a330,zhikun,ak-f9w8q5r883w111cpz35i,101167,526,100608
chatcmpl-6a777db0b3cae5c854113b12,kimi-k3,2026-08-09 03:04:26,default,proj-e626b11c63844e458db1e0f9ec55a330,zhikun,ak-f9w8q5r883w111cpz35i,100681,443,99840
chatcmpl-6a777da1b3cae5c854113b07,kimi-k3,2026-08-09 03:04:15,default,proj-e626b11c63844e458db1e0f9ec55a330,zhikun,ak-f9w8q5r883w111cpz35i,100037,602,97792
chatcmpl-6a777d77b3cae5c854113ae3,kimi-k3,2026-08-09 03:04:00,default,proj-e626b11c63844e458db1e0f9ec55a330,zhikun,ak-f9w8q5r883w111cpz35i,97907,2086,97280
chatcmpl-6a777d71b3cae5c854113add,kimi-k3,2026-08-09 03:03:18,default,proj-e626b11c63844e458db1e0f9ec55a330,zhikun,ak-f9w8q5r883w111cpz35i,97526,169,80896
chatcmpl-6a777c06b3cae5c8541139dd,kimi-k3,2026-08-09 03:03:12,default,proj-e626b11c63844e458db1e0f9ec55a330,zhikun,ak-f9w8q5r883w111cpz35i,81147,16335,73216
chatcmpl-6a777b5dc37a6f648175efde,kimi-k3,2026-08-09 02:57:09,default,proj-e626b11c63844e458db1e0f9ec55a330,zhikun,ak-f9w8q5r883w111cpz35i,73428,6450,70656
chatcmpl-6a777b28b3cae5c85411392b,kimi-k3,2026-08-09 02:54:19,default,proj-e626b11c63844e458db1e0f9ec55a330,zhikun,ak-f9w8q5r883w111cpz35i,70779,2605,68864
chatcmpl-6a777b0db3cae5c854113916,kimi-k3,2026-08-09 02:53:27,default,proj-e626b11c63844e458db1e0f9ec55a330,zhikun,ak-f9w8q5r883w111cpz35i,69087,1321,67072
chatcmpl-6a777ae6c37a6f648175ef9a,kimi-k3,2026-08-09 02:53:00,default,proj-e626b11c63844e458db1e0f9ec55a330,zhikun,ak-f9w8q5r883w111cpz35i,67229,1816,66304
chatcmpl-6a777ad7c37a6f648175ef90,kimi-k3,2026-08-09 02:52:21,default,proj-e626b11c63844e458db1e0f9ec55a330,zhikun,ak-f9w8q5r883w111cpz35i,66411,585,57344
chatcmpl-6a777a07c37a6f648175ef09,kimi-k3,2026-08-09 02:52:07,default,proj-e626b11c63844e458db1e0f9ec55a330,zhikun,ak-f9w8q5r883w111cpz35i,57420,7630,56832
chatcmpl-6a7779ffb3cae5c85411382f,kimi-k3,2026-08-09 02:48:37,default,proj-e626b11c63844e458db1e0f9ec55a330,zhikun,ak-f9w8q5r883w111cpz35i,56954,216,53248
chatcmpl-6a7779fcb3cae5c85411382a,kimi-k3,2026-08-09 02:48:30,default,proj-e626b11c63844e458db1e0f9ec55a330,zhikun,ak-f9w8q5r883w111cpz35i,53273,66,52224
chatcmpl-6a7779f4c37a6f648175eefb,kimi-k3,2026-08-09 02:48:27,default,proj-e626b11c63844e458db1e0f9ec55a330,zhikun,ak-f9w8q5r883w111cpz35i,52360,234,47360
chatcmpl-6a7779efb3cae5c85411381e,kimi-k3,2026-08-09 02:48:19,default,proj-e626b11c63844e458db1e0f9ec55a330,zhikun,ak-f9w8q5r883w111cpz35i,47373,162,44800
chatcmpl-6a7779ebb3cae5c85411381b,kimi-k3,2026-08-09 02:48:14,default,proj-e626b11c63844e458db1e0f9ec55a330,zhikun,ak-f9w8q5r883w111cpz35i,44838,107,37120
chatcmpl-6a7779e6c37a6f648175eef2,kimi-k3,2026-08-09 02:48:09,default,proj-e626b11c63844e458db1e0f9ec55a330,zhikun,ak-f9w8q5r883w111cpz35i,37274,108,34304
chatcmpl-6a7779e0b3cae5c854113811,kimi-k3,2026-08-09 02:48:04,default,proj-e626b11c63844e458db1e0f9ec55a330,zhikun,ak-f9w8q5r883w111cpz35i,34310,154,19968
chatcmpl-6a7779dbc37a6f648175eee9,kimi-k3,2026-08-09 02:47:58,default,proj-e626b11c63844e458db1e0f9ec55a330,zhikun,ak-f9w8q5r883w111cpz35i,20104,107,19200
chatcmpl-6a7779d5b3cae5c854113809,kimi-k3,2026-08-09 02:47:54,default,proj-e626b11c63844e458db1e0f9ec55a330,zhikun,ak-f9w8q5r883w111cpz35i,19271,176,15104
chatcmpl-6a7779cdc37a6f648175eee1,kimi-k3,2026-08-09 02:47:47,default,proj-e626b11c63844e458db1e0f9ec55a330,zhikun,ak-f9w8q5r883w111cpz35i,15144,239,0
chatcmpl-6a77798668bcf4f5df7996e2,kimi-k3,2026-08-09 02:47:40,default,proj-e626b11c63844e458db1e0f9ec55a330,zhikun,ak-f9w8q5r883w111cpz35i,45181,2459,43520
chatcmpl-6a77798068bcf4f5df7996dc,kimi-k3,2026-08-09 02:46:28,default,proj-e626b11c63844e458db1e0f9ec55a330,zhikun,ak-f9w8q5r883w111cpz35i,43588,96,43008
chatcmpl-6a77797068bcf4f5df7996cd,kimi-k3,2026-08-09 02:46:23,default,proj-e626b11c63844e458db1e0f9ec55a330,zhikun,ak-f9w8q5r883w111cpz35i,43036,467,42496
chatcmpl-6a77796868bcf4f5df7996c4,kimi-k3,2026-08-09 02:46:07,default,proj-e626b11c63844e458db1e0f9ec55a330,zhikun,ak-f9w8q5r883w111cpz35i,42653,285,42240
chatcmpl-6a77790868bcf4f5df799685,kimi-k3,2026-08-09 02:44:29,default,proj-e626b11c63844e458db1e0f9ec55a330,zhikun,ak-f9w8q5r883w111cpz35i,42461,158,41984
chatcmpl-6a7778de2faf3155ef3d58a6,kimi-k3,2026-08-09 02:43:53,default,proj-e626b11c63844e458db1e0f9ec55a330,zhikun,ak-f9w8q5r883w111cpz35i,42009,409,41216
chatcmpl-6a7778d52faf3155ef3d5898,kimi-k3,2026-08-09 02:43:41,default,proj-e626b11c63844e458db1e0f9ec55a330,zhikun,ak-f9w8q5r883w111cpz35i,41405,308,40704
chatcmpl-6a7778cd2faf3155ef3d588e,kimi-k3,2026-08-09 02:43:32,default,proj-e626b11c63844e458db1e0f9ec55a330,zhikun,ak-f9w8q5r883w111cpz35i,40899,265,18432
chatcmpl-6a7778c14df9ef491fdb1f7c,kimi-k3,2026-08-09 02:43:23,default,proj-e626b11c63844e458db1e0f9ec55a330,zhikun,ak-f9w8q5r883w111cpz35i,40610,309,0
chatcmpl-6a77789a1f905e2ec8272b25,kimi-k3,2026-08-09 02:42:42,default,proj-e626b11c63844e458db1e0f9ec55a330,zhikun,ak-f9w8q5r883w111cpz35i,40295,278,39936
chatcmpl-6a77788c1f905e2ec8272b1b,kimi-k3,2026-08-09 02:42:28,default,proj-e626b11c63844e458db1e0f9ec55a330,zhikun,ak-f9w8q5r883w111cpz35i,39978,262,39168
chatcmpl-6a7778841f905e2ec8272b16,kimi-k3,2026-08-09 02:42:20,default,proj-e626b11c63844e458db1e0f9ec55a330,zhikun,ak-f9w8q5r883w111cpz35i,39296,307,36864
chatcmpl-6a77787eb1b9f59e66e779bb,kimi-k3,2026-08-09 02:42:09,default,proj-e626b11c63844e458db1e0f9ec55a330,zhikun,ak-f9w8q5r883w111cpz35i,128023,104,127744
chatcmpl-6a777878b1b9f59e66e779b3,kimi-k3,2026-08-09 02:42:05,default,proj-e626b11c63844e458db1e0f9ec55a330,zhikun,ak-f9w8q5r883w111cpz35i,127785,211,127488
chatcmpl-6a777871b1b9f59e66e779ab,kimi-k3,2026-08-09 02:41:59,default,proj-e626b11c63844e458db1e0f9ec55a330,zhikun,ak-f9w8q5r883w111cpz35i,127513,202,126720
chatcmpl-6a777868b1b9f59e66e7799b,kimi-k3,2026-08-09 02:41:52,default,proj-e626b11c63844e458db1e0f9ec55a330,zhikun,ak-f9w8q5r883w111cpz35i,126965,391,126720
chatcmpl-6a77783db1b9f59e66e7795a,kimi-k3,2026-08-09 02:41:05,default,proj-e626b11c63844e458db1e0f9ec55a330,zhikun,ak-f9w8q5r883w111cpz35i,126799,132,126464
chatcmpl-6a777839b1b9f59e66e77953,kimi-k3,2026-08-09 02:41:00,default,proj-e626b11c63844e458db1e0f9ec55a330,zhikun,ak-f9w8q5r883w111cpz35i,126627,105,126208
chatcmpl-6a777830b1b9f59e66e77947,kimi-k3,2026-08-09 02:40:53,default,proj-e626b11c63844e458db1e0f9ec55a330,zhikun,ak-f9w8q5r883w111cpz35i,126386,186,121344
chatcmpl-6a7777c4b1b9f59e66e778b3,kimi-k3,2026-08-09 02:40:43,default,proj-e626b11c63844e458db1e0f9ec55a330,zhikun,ak-f9w8q5r883w111cpz35i,121353,5001,120064
chatcmpl-6a7777b1b1b9f59e66e77895,kimi-k3,2026-08-09 02:38:59,default,proj-e626b11c63844e458db1e0f9ec55a330,zhikun,ak-f9w8q5r883w111cpz35i,120194,1117,119296
chatcmpl-6a7777a3c4cd1c7482819547,kimi-k3,2026-08-09 02:38:40,default,proj-e626b11c63844e458db1e0f9ec55a330,zhikun,ak-f9w8q5r883w111cpz35i,119463,688,116480
chatcmpl-6a777774c4cd1c748281950c,kimi-k3,2026-08-09 02:38:26,default,proj-e626b11c63844e458db1e0f9ec55a330,zhikun,ak-f9w8q5r883w111cpz35i,116572,2850,112384
chatcmpl-6a777735c4cd1c74828194b8,kimi-k3,2026-08-09 02:37:39,default,proj-e626b11c63844e458db1e0f9ec55a330,zhikun,ak-f9w8q5r883w111cpz35i,112595,3933,111104
chatcmpl-6a77771ec4cd1c748281949b,kimi-k3,2026-08-09 02:36:36,default,proj-e626b11c63844e458db1e0f9ec55a330,zhikun,ak-f9w8q5r883w111cpz35i,111307,1208,107008
chatcmpl-6a7776d9c4cd1c748281945c,kimi-k3,2026-08-09 02:36:13,default,proj-e626b11c63844e458db1e0f9ec55a330,zhikun,ak-f9w8q5r883w111cpz35i,107065,4198,106496
chatcmpl-6a7776cfc4cd1c748281944c,kimi-k3,2026-08-09 02:35:04,default,proj-e626b11c63844e458db1e0f9ec55a330,zhikun,ak-f9w8q5r883w111cpz35i,106553,432,105472
chatcmpl-6a7776bbc4cd1c7482819429,kimi-k3,2026-08-09 02:34:54,default,proj-e626b11c63844e458db1e0f9ec55a330,zhikun,ak-f9w8q5r883w111cpz35i,105470,1039,103680
chatcmpl-6a77769dc4cd1c7482819404,kimi-k3,2026-08-09 02:34:33,default,proj-e626b11c63844e458db1e0f9ec55a330,zhikun,ak-f9w8q5r883w111cpz35i,103729,1697,103168
chatcmpl-6a777692c4cd1c74828193f9,kimi-k3,2026-08-09 02:34:04,default,proj-e626b11c63844e458db1e0f9ec55a330,zhikun,ak-f9w8q5r883w111cpz35i,103234,451,96512
chatcmpl-6a777626c4cd1c748281936a,kimi-k3,2026-08-09 02:33:53,default,proj-e626b11c63844e458db1e0f9ec55a330,zhikun,ak-f9w8q5r883w111cpz35i,96665,6526,96256
chatcmpl-6a77761ec4cd1c748281935d,kimi-k3,2026-08-09 02:32:05,default,proj-e626b11c63844e458db1e0f9ec55a330,zhikun,ak-f9w8q5r883w111cpz35i,96336,286,81664
chatcmpl-6a77750f110cca1c4c23ec65,kimi-k3,2026-08-09 02:31:57,default,proj-e626b11c63844e458db1e0f9ec55a330,zhikun,ak-f9w8q5r883w111cpz35i,81758,14535,80384
chatcmpl-6a7774fa110cca1c4c23ec54,kimi-k3,2026-08-09 02:27:26,default,proj-e626b11c63844e458db1e0f9ec55a330,zhikun,ak-f9w8q5r883w111cpz35i,80452,1151,79104
chatcmpl-6a7774e6110cca1c4c23ec3c,kimi-k3,2026-08-09 02:27:05,default,proj-e626b11c63844e458db1e0f9ec55a330,zhikun,ak-f9w8q5r883w111cpz35i,79239,1169,78592
chatcmpl-6a7774dc110cca1c4c23ec35,kimi-k3,2026-08-09 02:26:45,default,proj-e626b11c63844e458db1e0f9ec55a330,zhikun,ak-f9w8q5r883w111cpz35i,78711,484,77312
chatcmpl-6a7774c4a209f5a14a022ac5,kimi-k3,2026-08-09 02:26:34,default,proj-e626b11c63844e458db1e0f9ec55a330,zhikun,ak-f9w8q5r883w111cpz35i,77469,1198,76544
chatcmpl-6a7774b64b55fdf6270020c5,kimi-k3,2026-08-09 02:26:11,default,proj-e626b11c63844e458db1e0f9ec55a330,zhikun,ak-f9w8q5r883w111cpz35i,76708,717,74752
chatcmpl-6a777495110cca1c4c23ec06,kimi-k3,2026-08-09 02:25:56,default,proj-e626b11c63844e458db1e0f9ec55a330,zhikun,ak-f9w8q5r883w111cpz35i,74831,1835,59648
chatcmpl-6a7771ab5240ba0221099a31,kimi-k3,2026-08-09 02:25:24,default,proj-e626b11c63844e458db1e0f9ec55a330,zhikun,ak-f9w8q5r883w111cpz35i,43432,31081,42496
chatcmpl-6a7771a54b55fdf627001d74,kimi-k3,2026-08-09 02:12:58,default,proj-e626b11c63844e458db1e0f9ec55a330,zhikun,ak-f9w8q5r883w111cpz35i,42640,225,40960
chatcmpl-6a77719c5240ba0221099a1f,kimi-k3,2026-08-09 02:12:52,default,proj-e626b11c63844e458db1e0f9ec55a330,zhikun,ak-f9w8q5r883w111cpz35i,40996,241,38912
chatcmpl-6a7771974b55fdf627001d69,kimi-k3,2026-08-09 02:12:43,default,proj-e626b11c63844e458db1e0f9ec55a330,zhikun,ak-f9w8q5r883w111cpz35i,39140,159,37888
chatcmpl-6a7771935240ba0221099a13,kimi-k3,2026-08-09 02:12:38,default,proj-e626b11c63844e458db1e0f9ec55a330,zhikun,ak-f9w8q5r883w111cpz35i,38111,66,35584
chatcmpl-6a77718f4b55fdf627001d5e,kimi-k3,2026-08-09 02:12:35,default,proj-e626b11c63844e458db1e0f9ec55a330,zhikun,ak-f9w8q5r883w111cpz35i,35635,66,27136
chatcmpl-6a77718c110cca1c4c23e934,kimi-k3,2026-08-09 02:12:30,default,proj-e626b11c63844e458db1e0f9ec55a330,zhikun,ak-f9w8q5r883w111cpz35i,27339,66,24576
chatcmpl-6a777188110cca1c4c23e930,kimi-k3,2026-08-09 02:12:28,default,proj-e626b11c63844e458db1e0f9ec55a330,zhikun,ak-f9w8q5r883w111cpz35i,24684,108,22016
chatcmpl-6a7771854b55fdf627001d52,kimi-k3,2026-08-09 02:12:24,default,proj-e626b11c63844e458db1e0f9ec55a330,zhikun,ak-f9w8q5r883w111cpz35i,22109,107,19456
chatcmpl-6a777180110cca1c4c23e926,kimi-k3,2026-08-09 02:12:20,default,proj-e626b11c63844e458db1e0f9ec55a330,zhikun,ak-f9w8q5r883w111cpz35i,19594,106,15360
chatcmpl-6a77717b4b55fdf627001d4a,kimi-k3,2026-08-09 02:12:16,default,proj-e626b11c63844e458db1e0f9ec55a330,zhikun,ak-f9w8q5r883w111cpz35i,15556,198,0
chatcmpl-6a77713dccb7e252599ae934,kimi-k3,2026-08-09 02:12:10,default,proj-e626b11c63844e458db1e0f9ec55a330,zhikun,ak-f9w8q5r883w111cpz35i,36984,2188,36352
chatcmpl-6a77712fccb7e252599ae923,kimi-k3,2026-08-09 02:11:08,default,proj-e626b11c63844e458db1e0f9ec55a330,zhikun,ak-f9w8q5r883w111cpz35i,36399,448,35840
chatcmpl-6a777128ccb7e252599ae91b,kimi-k3,2026-08-09 02:10:55,default,proj-e626b11c63844e458db1e0f9ec55a330,zhikun,ak-f9w8q5r883w111cpz35i,35882,214,34816
chatcmpl-6a777115ccb7e252599ae903,kimi-k3,2026-08-09 02:10:47,default,proj-e626b11c63844e458db1e0f9ec55a330,zhikun,ak-f9w8q5r883w111cpz35i,34854,679,34048
chatcmpl-6a777107d0de2822dbb3c60f,kimi-k3,2026-08-09 02:10:27,default,proj-e626b11c63844e458db1e0f9ec55a330,zhikun,ak-f9w8q5r883w111cpz35i,34291,451,33024
chatcmpl-6a7770f8fe9c9e1c0132e9cc,kimi-k3,2026-08-09 02:10:13,default,proj-e626b11c63844e458db1e0f9ec55a330,zhikun,ak-f9w8q5r883w111cpz35i,33043,476,30976
chatcmpl-6a7770e19bab0353117e4b2c,kimi-k3,2026-08-09 02:09:59,default,proj-e626b11c63844e458db1e0f9ec55a330,zhikun,ak-f9w8q5r883w111cpz35i,93911,989,93184
chatcmpl-6a7770d69bab0353117e4b1b,kimi-k3,2026-08-09 02:09:37,default,proj-e626b11c63844e458db1e0f9ec55a330,zhikun,ak-f9w8q5r883w111cpz35i,93204,456,91904
chatcmpl-6a7770cc9bab0353117e4b0e,kimi-k3,2026-08-09 02:09:25,default,proj-e626b11c63844e458db1e0f9ec55a330,zhikun,ak-f9w8q5r883w111cpz35i,92104,467,91648
chatcmpl-6a7770c29bab0353117e4b02,kimi-k3,2026-08-09 02:09:15,default,proj-e626b11c63844e458db1e0f9ec55a330,zhikun,ak-f9w8q5r883w111cpz35i,91755,276,91392
chatcmpl-6a7770bf9bab0353117e4afc,kimi-k3,2026-08-09 02:09:05,default,proj-e626b11c63844e458db1e0f9ec55a330,zhikun,ak-f9w8q5r883w111cpz35i,91543,81,91392
chatcmpl-6a7770b9773876ea7f825d0e,kimi-k3,2026-08-09 02:09:01,default,proj-e626b11c63844e458db1e0f9ec55a330,zhikun,ak-f9w8q5r883w111cpz35i,91420,53,91136
chatcmpl-6a7770b49bab0353117e4aec,kimi-k3,2026-08-09 02:08:56,default,proj-e626b11c63844e458db1e0f9ec55a330,zhikun,ak-f9w8q5r883w111cpz35i,91247,115,90880
chatcmpl-6a7770ac773876ea7f825cfd,kimi-k3,2026-08-09 02:08:48,default,proj-e626b11c63844e458db1e0f9ec55a330,zhikun,ak-f9w8q5r883w111cpz35i,91103,93,90368
chatcmpl-6a7770a00d75537df16695c9,kimi-k3,2026-08-09 02:08:43,default,proj-e626b11c63844e458db1e0f9ec55a330,zhikun,ak-f9w8q5r883w111cpz35i,92003,410,90368
chatcmpl-6a77709b0d75537df16695c1,kimi-k3,2026-08-09 02:08:30,default,proj-e626b11c63844e458db1e0f9ec55a330,zhikun,ak-f9w8q5r883w111cpz35i,90440,81,90112
chatcmpl-6a7770979bab0353117e4ac2,kimi-k3,2026-08-09 02:08:25,default,proj-e626b11c63844e458db1e0f9ec55a330,zhikun,ak-f9w8q5r883w111cpz35i,90317,53,89344
chatcmpl-6a77707c0d75537df1669586,kimi-k3,2026-08-09 02:08:18,default,proj-e626b11c63844e458db1e0f9ec55a330,zhikun,ak-f9w8q5r883w111cpz35i,89448,821,89088
chatcmpl-6a7770789bab0353117e4a98,kimi-k3,2026-08-09 02:07:54,default,proj-e626b11c63844e458db1e0f9ec55a330,zhikun,ak-f9w8q5r883w111cpz35i,89238,81,89088
chatcmpl-6a777072773876ea7f825ca4,kimi-k3,2026-08-09 02:07:49,default,proj-e626b11c63844e458db1e0f9ec55a330,zhikun,ak-f9w8q5r883w111cpz35i,89115,53,87808
chatcmpl-6a7770559bab0353117e4a6b,kimi-k3,2026-08-09 02:07:45,default,proj-e626b11c63844e458db1e0f9ec55a330,zhikun,ak-f9w8q5r883w111cpz35i,87936,1135,86272
chatcmpl-6a7770340d75537df166950f,kimi-k3,2026-08-09 02:07:15,default,proj-e626b11c63844e458db1e0f9ec55a330,zhikun,ak-f9w8q5r883w111cpz35i,86390,1395,84736
chatcmpl-6a7770149bab0353117e4a08,kimi-k3,2026-08-09 02:06:43,default,proj-e626b11c63844e458db1e0f9ec55a330,zhikun,ak-f9w8q5r883w111cpz35i,84956,1316,84736
chatcmpl-6a7770109bab0353117e4a01,kimi-k3,2026-08-09 02:06:11,default,proj-e626b11c63844e458db1e0f9ec55a330,zhikun,ak-f9w8q5r883w111cpz35i,84750,81,84480
chatcmpl-6a77700c0d75537df16694da,kimi-k3,2026-08-09 02:06:06,default,proj-e626b11c63844e458db1e0f9ec55a330,zhikun,ak-f9w8q5r883w111cpz35i,84627,53,83968
chatcmpl-6a777005773876ea7f825bef,kimi-k3,2026-08-09 02:06:03,default,proj-e626b11c63844e458db1e0f9ec55a330,zhikun,ak-f9w8q5r883w111cpz35i,85743,194,83968
chatcmpl-6a777000773876ea7f825be7,kimi-k3,2026-08-09 02:05:55,default,proj-e626b11c63844e458db1e0f9ec55a330,zhikun,ak-f9w8q5r883w111cpz35i,84175,81,83968
chatcmpl-6a776ffc0d75537df16694bb,kimi-k3,2026-08-09 02:05:50,default,proj-e626b11c63844e458db1e0f9ec55a330,zhikun,ak-f9w8q5r883w111cpz35i,84052,53,83712
chatcmpl-6a776ff49bab0353117e49e6,kimi-k3,2026-08-09 02:05:46,default,proj-e626b11c63844e458db1e0f9ec55a330,zhikun,ak-f9w8q5r883w111cpz35i,83847,161,83712
chatcmpl-6a776ff0773876ea7f825bc9,kimi-k3,2026-08-09 02:05:39,default,proj-e626b11c63844e458db1e0f9ec55a330,zhikun,ak-f9w8q5r883w111cpz35i,83724,53,81152
chatcmpl-6a776fb39bab0353117e4998,kimi-k3,2026-08-09 02:05:35,default,proj-e626b11c63844e458db1e0f9ec55a330,zhikun,ak-f9w8q5r883w111cpz35i,81215,2464,80896
chatcmpl-6a776fb09bab0353117e4992,kimi-k3,2026-08-09 02:04:34,default,proj-e626b11c63844e458db1e0f9ec55a330,zhikun,ak-f9w8q5r883w111cpz35i,81005,81,80640
chatcmpl-6a776fad9bab0353117e498a,kimi-k3,2026-08-09 02:04:30,default,proj-e626b11c63844e458db1e0f9ec55a330,zhikun,ak-f9w8q5r883w111cpz35i,80882,53,80128
chatcmpl-6a776fa20d75537df166941d,kimi-k3,2026-08-09 02:04:27,default,proj-e626b11c63844e458db1e0f9ec55a330,zhikun,ak-f9w8q5r883w111cpz35i,81837,356,80128
chatcmpl-6a776f9d773876ea7f825b41,kimi-k3,2026-08-09 02:04:16,default,proj-e626b11c63844e458db1e0f9ec55a330,zhikun,ak-f9w8q5r883w111cpz35i,80271,81,80128
chatcmpl-6a776f999bab0353117e496d,kimi-k3,2026-08-09 02:04:11,default,proj-e626b11c63844e458db1e0f9ec55a330,zhikun,ak-f9w8q5r883w111cpz35i,80148,53,79872
chatcmpl-6a776f93773876ea7f825b33,kimi-k3,2026-08-09 02:04:07,default,proj-e626b11c63844e458db1e0f9ec55a330,zhikun,ak-f9w8q5r883w111cpz35i,79993,111,79616
chatcmpl-6a776f8b0d75537df16693f8,kimi-k3,2026-08-09 02:03:59,default,proj-e626b11c63844e458db1e0f9ec55a330,zhikun,ak-f9w8q5r883w111cpz35i,79798,144,78592
chatcmpl-6a776f759bab0353117e4944,kimi-k3,2026-08-09 02:03:54,default,proj-e626b11c63844e458db1e0f9ec55a330,zhikun,ak-f9w8q5r883w111cpz35i,78622,1132,77056
chatcmpl-6a776f610d75537df16693ac,kimi-k3,2026-08-09 02:03:31,default,proj-e626b11c63844e458db1e0f9ec55a330,zhikun,ak-f9w8q5r883w111cpz35i,78666,681,77056
chatcmpl-6a776f5b773876ea7f825ad5,kimi-k3,2026-08-09 02:03:10,default,proj-e626b11c63844e458db1e0f9ec55a330,zhikun,ak-f9w8q5r883w111cpz35i,77099,81,76800
chatcmpl-6a776f579bab0353117e4910,kimi-k3,2026-08-09 02:03:05,default,proj-e626b11c63844e458db1e0f9ec55a330,zhikun,ak-f9w8q5r883w111cpz35i,76976,53,76032
chatcmpl-6a776f46773876ea7f825ab2,kimi-k3,2026-08-09 02:03:01,default,proj-e626b11c63844e458db1e0f9ec55a330,zhikun,ak-f9w8q5r883w111cpz35i,77770,516,76032
chatcmpl-6a776f41773876ea7f825aa9,kimi-k3,2026-08-09 02:02:44,default,proj-e626b11c63844e458db1e0f9ec55a330,zhikun,ak-f9w8q5r883w111cpz35i,76205,81,75776
chatcmpl-6a776f380d75537df1669379,kimi-k3,2026-08-09 02:02:39,default,proj-e626b11c63844e458db1e0f9ec55a330,zhikun,ak-f9w8q5r883w111cpz35i,75917,218,75264
chatcmpl-6a776f2e0d75537df1669365,kimi-k3,2026-08-09 02:02:31,default,proj-e626b11c63844e458db1e0f9ec55a330,zhikun,ak-f9w8q5r883w111cpz35i,75491,370,75264
chatcmpl-6a776f280d75537df166935d,kimi-k3,2026-08-09 02:02:21,default,proj-e626b11c63844e458db1e0f9ec55a330,zhikun,ak-f9w8q5r883w111cpz35i,75283,81,75008
chatcmpl-6a776f250d75537df1669355,kimi-k3,2026-08-09 02:02:15,default,proj-e626b11c63844e458db1e0f9ec55a330,zhikun,ak-f9w8q5r883w111cpz35i,75160,53,74752
chatcmpl-6a776f200d75537df166934d,kimi-k3,2026-08-09 02:02:12,default,proj-e626b11c63844e458db1e0f9ec55a330,zhikun,ak-f9w8q5r883w111cpz35i,74977,122,74752
chatcmpl-6a776f1a0d75537df1669342,kimi-k3,2026-08-09 02:02:04,default,proj-e626b11c63844e458db1e0f9ec55a330,zhikun,ak-f9w8q5r883w111cpz35i,74833,93,69888
chatcmpl-6a776eda0d75537df16692e2,kimi-k3,2026-08-09 02:02:01,default,proj-e626b11c63844e458db1e0f9ec55a330,zhikun,ak-f9w8q5r883w111cpz35i,73448,2658,69632
chatcmpl-6a776eaa0d75537df1669293,kimi-k3,2026-08-09 02:00:56,default,proj-e626b11c63844e458db1e0f9ec55a330,zhikun,ak-f9w8q5r883w111cpz35i,71465,1854,69632
chatcmpl-6a776ea05691d908467efdc9,kimi-k3,2026-08-09 02:00:07,default,proj-e626b11c63844e458db1e0f9ec55a330,zhikun,ak-f9w8q5r883w111cpz35i,69654,268,69376
chatcmpl-6a776e9c5691d908467efdc3,kimi-k3,2026-08-09 01:59:59,default,proj-e626b11c63844e458db1e0f9ec55a330,zhikun,ak-f9w8q5r883w111cpz35i,69481,115,69120
chatcmpl-6a776e975691d908467efdba,kimi-k3,2026-08-09 01:59:55,default,proj-e626b11c63844e458db1e0f9ec55a330,zhikun,ak-f9w8q5r883w111cpz35i,69301,110,69120
chatcmpl-6a776e935691d908467efdb2,kimi-k3,2026-08-09 01:59:50,default,proj-e626b11c63844e458db1e0f9ec55a330,zhikun,ak-f9w8q5r883w111cpz35i,69128,112,68864
chatcmpl-6a776e8b5691d908467efda9,kimi-k3,2026-08-09 01:59:44,default,proj-e626b11c63844e458db1e0f9ec55a330,zhikun,ak-f9w8q5r883w111cpz35i,68984,93,68608
chatcmpl-6a776e845691d908467efd9f,kimi-k3,2026-08-09 01:59:39,default,proj-e626b11c63844e458db1e0f9ec55a330,zhikun,ak-f9w8q5r883w111cpz35i,68653,288,66560
chatcmpl-6a776e565691d908467efd76,kimi-k3,2026-08-09 01:59:31,default,proj-e626b11c63844e458db1e0f9ec55a330,zhikun,ak-f9w8q5r883w111cpz35i,66605,1834,65280
chatcmpl-6a776e375691d908467efd3e,kimi-k3,2026-08-09 01:58:45,default,proj-e626b11c63844e458db1e0f9ec55a330,zhikun,ak-f9w8q5r883w111cpz35i,65443,1104,65280
chatcmpl-6a776e335691d908467efd38,kimi-k3,2026-08-09 01:58:15,default,proj-e626b11c63844e458db1e0f9ec55a330,zhikun,ak-f9w8q5r883w111cpz35i,65282,103,64768
chatcmpl-6a776e285691d908467efd25,kimi-k3,2026-08-09 01:58:10,default,proj-e626b11c63844e458db1e0f9ec55a330,zhikun,ak-f9w8q5r883w111cpz35i,64838,374,64512
chatcmpl-6a776e255691d908467efd21,kimi-k3,2026-08-09 01:58:00,default,proj-e626b11c63844e458db1e0f9ec55a330,zhikun,ak-f9w8q5r883w111cpz35i,64667,110,64000
chatcmpl-6a776e175691d908467efd0b,kimi-k3,2026-08-09 01:57:53,default,proj-e626b11c63844e458db1e0f9ec55a330,zhikun,ak-f9w8q5r883w111cpz35i,64215,401,62976
chatcmpl-6a776e035691d908467efce9,kimi-k3,2026-08-09 01:57:43,default,proj-e626b11c63844e458db1e0f9ec55a330,zhikun,ak-f9w8q5r883w111cpz35i,63013,1049,61952
chatcmpl-6a776dfd5b66f239f0daeda6,kimi-k3,2026-08-09 01:57:22,default,proj-e626b11c63844e458db1e0f9ec55a330,zhikun,ak-f9w8q5r883w111cpz35i,62005,187,59904
chatcmpl-6a776dd15b66f239f0daed56,kimi-k3,2026-08-09 01:57:16,default,proj-e626b11c63844e458db1e0f9ec55a330,zhikun,ak-f9w8q5r883w111cpz35i,59994,1867,59648
chatcmpl-6a776dc45b66f239f0daed3a,kimi-k3,2026-08-09 01:56:24,default,proj-e626b11c63844e458db1e0f9ec55a330,zhikun,ak-f9w8q5r883w111cpz35i,59799,134,58880
chatcmpl-6a776dae1349ff4c821c1e60,kimi-k3,2026-08-09 01:56:16,default,proj-e626b11c63844e458db1e0f9ec55a330,zhikun,ak-f9w8q5r883w111cpz35i,60532,570,58880
chatcmpl-6a776da81349ff4c821c1e58,kimi-k3,2026-08-09 01:55:56,default,proj-e626b11c63844e458db1e0f9ec55a330,zhikun,ak-f9w8q5r883w111cpz35i,58949,98,58624
chatcmpl-6a776da31349ff4c821c1e51,kimi-k3,2026-08-09 01:55:51,default,proj-e626b11c63844e458db1e0f9ec55a330,zhikun,ak-f9w8q5r883w111cpz35i,58826,53,58368
chatcmpl-6a776d9c5691d908467efc92,kimi-k3,2026-08-09 01:55:46,default,proj-e626b11c63844e458db1e0f9ec55a330,zhikun,ak-f9w8q5r883w111cpz35i,58608,146,0
chatcmpl-6a776d9454a3eeef422b2fa8,kimi-k3,2026-08-09 01:55:36,default,proj-e626b11c63844e458db1e0f9ec55a330,zhikun,ak-f9w8q5r883w111cpz35i,58466,105,57344
chatcmpl-6a776d8a54a3eeef422b2f99,kimi-k3,2026-08-09 01:55:31,default,proj-e626b11c63844e458db1e0f9ec55a330,zhikun,ak-f9w8q5r883w111cpz35i,57593,373,53760
chatcmpl-6a776d4354a3eeef422b2f41,kimi-k3,2026-08-09 01:55:21,default,proj-e626b11c63844e458db1e0f9ec55a330,zhikun,ak-f9w8q5r883w111cpz35i,53903,3312,49664
chatcmpl-6a776cee9bab0353117e4608,kimi-k3,2026-08-09 01:54:10,default,proj-e626b11c63844e458db1e0f9ec55a330,zhikun,ak-f9w8q5r883w111cpz35i,49789,3998,47104
chatcmpl-6a776cbd9bab0353117e45bc,kimi-k3,2026-08-09 01:52:45,default,proj-e626b11c63844e458db1e0f9ec55a330,zhikun,ak-f9w8q5r883w111cpz35i,47272,2473,39424
chatcmpl-6a776c219bab0353117e44e8,kimi-k3,2026-08-09 01:51:57,default,proj-e626b11c63844e458db1e0f9ec55a330,zhikun,ak-f9w8q5r883w111cpz35i,39587,7641,38144
chatcmpl-6a776c001349ff4c821c1be5,kimi-k3,2026-08-09 01:49:20,default,proj-e626b11c63844e458db1e0f9ec55a330,zhikun,ak-f9w8q5r883w111cpz35i,38242,1302,35584
chatcmpl-6a776bc99bab0353117e4497,kimi-k3,2026-08-09 01:48:47,default,proj-e626b11c63844e458db1e0f9ec55a330,zhikun,ak-f9w8q5r883w111cpz35i,35653,2512,19712
chatcmpl-6a776a14b08162c879cdbd83,kimi-k3,2026-08-09 01:47:52,default,proj-e626b11c63844e458db1e0f9ec55a330,zhikun,ak-f9w8q5r883w111cpz35i,19881,15197,18688
chatcmpl-6a7769f9b08162c879cdbd5c,kimi-k3,2026-08-09 01:40:24,default,proj-e626b11c63844e458db1e0f9ec55a330,zhikun,ak-f9w8q5r883w111cpz35i,18733,591,15104
chatcmpl-6a7769ef189d7822edcef823,kimi-k3,2026-08-09 01:40:04,default,proj-e626b11c63844e458db1e0f9ec55a330,zhikun,ak-f9w8q5r883w111cpz35i,15136,192,0
chatcmpl-6a7769bb13ae9c5da3191b7e,kimi-k3,2026-08-09 01:39:58,default,proj-e626b11c63844e458db1e0f9ec55a330,zhikun,ak-f9w8q5r883w111cpz35i,31188,1688,23552
chatcmpl-6a7768c8e958b42145f688e4,kimi-k3,2026-08-09 01:39:06,default,proj-e626b11c63844e458db1e0f9ec55a330,zhikun,ak-f9w8q5r883w111cpz35i,23612,7499,19200
chatcmpl-6a77683dda7111ee0f89a564,kimi-k3,2026-08-09 01:34:59,default,proj-e626b11c63844e458db1e0f9ec55a330,zhikun,ak-f9w8q5r883w111cpz35i,19384,4036,17152
chatcmpl-6a7767e4ba56807333c590d4,kimi-k3,2026-08-09 01:32:05,default,proj-e626b11c63844e458db1e0f9ec55a330,zhikun,ak-f9w8q5r883w111cpz35i,17387,1581,0
